# This file uses centimeters as units for non-parametric coordinates.

mtllib porcelain-cup.mtl
g default
v -15.180063 46.301752 -39.270084
v -31.527425 46.301876 -35.864121
v -44.126340 46.301802 -23.503953
v -48.463550 46.301637 -5.294095
v -42.206973 46.300137 12.535579
v -27.341156 46.299679 23.071761
v -9.995194 46.297986 23.717116
v 4.875661 46.294170 15.713372
v -15.504304 29.872380 -36.210584
v -30.253230 29.873332 -33.148748
v -41.645885 29.875062 -21.950299
v -45.566265 29.875260 -5.440115
v -39.886563 29.849399 10.736858
v -26.418077 29.832221 20.293265
v -10.760091 29.804065 20.721343
v 2.514319 29.755187 13.225710
v -15.939333 14.237482 -30.174369
v -27.530295 14.180484 -27.793395
v -36.544069 14.155985 -18.889548
v -39.645174 14.165516 -5.727091
v -35.185249 14.093307 7.139189
v -24.593453 13.993911 14.722585
v -12.206126 14.021972 14.950061
v -1.771618 14.160153 8.795143
v -16.017174 -1.144402 -7.713352
v 5.173409 14.286111 -10.468711
v 4.178490 14.242198 -0.435259
v 12.909539 46.290519 2.971097
v 15.425855 46.291002 -11.397355
v 10.282820 29.708653 1.706344
v 11.722547 29.723310 -11.094085
v -5.590348 14.273731 -26.895640
v 1.679181 14.309491 -19.760749
v 10.319926 46.295357 -24.739907
v -0.314029 46.299572 -34.779756
v 7.257317 29.791192 -23.013141
v -2.167208 29.846911 -32.105070
v -15.288968 35.347895 -38.507853
v -31.249739 35.326419 -35.176188
v -43.548109 35.324086 -23.110832
v -47.782268 35.326925 -5.336383
v -41.655672 35.310579 12.076508
v -27.107595 35.288785 22.376332
v -10.105003 35.304357 22.929016
v 4.467432 35.192859 14.758333
v -15.395521 28.747885 -37.129923
v -30.630967 28.739357 -33.953462
v -42.386010 28.738955 -22.410675
v -46.432666 28.739940 -5.396702
v -40.574844 28.735226 11.261971
v -26.686297 28.729010 21.105835
v -10.375012 28.733261 21.594640
v 3.736493 28.669617 13.622443
v -15.533934 22.333601 -35.159128
v -29.731748 22.333605 -32.213849
v -40.712002 22.333605 -21.416776
v -44.489399 22.333601 -5.483128
v -39.030803 22.333601 10.105953
v -26.089834 22.333601 19.310678
v -10.783541 22.333601 19.711960
v 2.578485 22.333601 12.065181
v -16.017298 10.986028 -28.890696
v -27.107133 10.971399 -26.675686
v -35.758379 11.030478 -18.306998
v -38.751338 11.073940 -5.816327
v -34.441200 10.966665 6.395558
v -24.249908 10.849813 13.581707
v -12.174824 10.916787 13.807796
v -1.721369 11.125054 7.694131
v 7.432243 13.866328 -9.571804
v 7.365035 13.866330 -2.442718
v 14.955684 49.638292 1.039341
v 16.129941 49.638296 -10.534186
v 14.031840 35.104295 -0.115377
v 14.536521 35.075262 -10.376693
v 11.845896 28.705715 -1.073241
v 12.226868 28.682640 -9.946848
v 9.961255 22.239664 -1.892971
v 10.137910 22.239664 -9.580395
v -6.032747 11.066693 -25.819177
v 1.141626 11.197608 -18.925947
v 9.443077 35.195656 -24.174057
v -0.767807 35.382228 -34.121231
v 8.323148 28.660537 -23.276742
v -1.528888 28.758017 -32.906306
v 6.658852 22.333605 -22.065565
v -2.627438 22.333605 -31.174077
v -15.914947 0.364371 -7.721087
v -16.624057 3.857566 -22.511847
v -25.054093 3.846786 -20.978415
v -31.553876 3.847092 -15.077597
v -33.796708 3.849924 -6.260400
v -30.437779 3.832966 2.447748
v -22.535718 3.810870 7.706339
v -13.367567 3.830388 7.896473
v -5.615955 3.886232 3.568798
v -0.778701 3.927738 -9.714351
v -1.275207 3.924812 -2.879771
v -9.064439 3.874536 -20.409776
v -3.616978 3.905003 -15.817206
v -31.764897 53.190602 -36.372422
v -15.128031 53.193729 -39.838129
v -44.587613 53.184825 -23.795684
v -49.002125 53.182303 -5.265279
v -42.635568 53.185459 12.877941
v -27.508499 53.187672 23.599336
v -9.854875 53.189184 24.263710
v 5.286692 53.192835 16.131705
v 16.040837 53.201340 -11.487915
v 14.338544 53.190709 3.192617
v 0.002439 53.196766 -35.270013
v 10.832755 53.200120 -25.054828
v -31.972825 52.501190 -36.826109
v -15.080898 52.501231 -40.345429
v -44.990770 52.501173 -24.055307
v -49.472465 52.501173 -5.239922
v -43.009814 52.501181 13.181095
v -27.652515 52.501190 24.066491
v -9.728025 52.501202 24.740389
v 5.646784 52.501231 16.481403
v 16.563270 52.501280 -11.541925
v 14.833404 52.501264 3.313848
v 0.283207 52.501247 -35.707481
v 11.279404 52.501272 -25.334754
v -24.890172 0.916993 -20.331994
v -16.700709 0.916938 -21.786412
v -31.184402 0.917083 -14.722026
v -33.359477 0.917112 -6.324781
v -30.073003 0.917018 1.991562
v -22.357692 0.916967 7.041952
v -13.435138 0.917012 7.231667
v -5.889868 0.917110 3.069888
v 5.280060 14.264974 -5.391224
v 11.790831 29.707050 -4.604488
v -1.213104 0.917196 -9.647468
v -1.669521 0.917192 -3.113389
v 10.201266 46.292139 9.710361
v 7.194099 29.729647 7.749264
v 1.844659 14.218365 4.377437
v -1.443859 14.293643 -23.612029
v 5.721758 46.297640 -30.194622
v 3.210720 29.822620 -27.934700
v -9.336605 0.916993 -19.798648
v -4.011358 0.917114 -15.446394
v -7.242978 46.300928 -37.823971
v -8.367527 29.862696 -34.882511
v -10.383057 14.254247 -29.101437
v 13.624082 46.292918 -18.416855
v 10.147010 29.754466 -17.351942
v 3.921146 14.303887 -15.351661
v 15.494986 46.290157 -4.106803
v -13.436611 3.200645 7.362237
v -9.173301 3.856517 6.196776
v -5.868665 3.218582 3.165474
v -1.178232 3.236116 -9.658576
v -1.638229 3.234512 -3.070917
v -0.570271 3.930053 -6.263388
v -9.307877 3.205814 -19.907654
v -3.976930 3.223169 -15.512249
v -5.960808 3.888685 -18.272010
v -20.916261 3.851150 -22.297878
v -28.707125 3.845323 -18.536083
v -33.336307 3.850104 -10.868474
v -32.842714 3.844559 -1.656790
v -26.854239 3.818925 5.683978
v -17.934648 3.814436 8.438606
v -2.959170 3.911032 0.473426
v -12.554992 3.864489 -21.819573
v -1.850482 3.918738 -12.968052
v -16.686994 3.197337 -21.917713
v -24.908255 3.204829 -20.455076
v -31.238226 3.220961 -14.789595
v -33.423117 3.225042 -6.306697
v -30.125974 3.209192 2.085242
v -22.389863 3.195992 7.174844
v -31.642621 53.091758 -36.097677
v -38.980466 53.187907 -31.118744
v -44.346053 53.091774 -23.636909
v -15.159049 53.091741 -39.532703
v -23.597117 53.192497 -39.288794
v -0.168659 53.091725 -35.007770
v -7.050255 53.195176 -38.367020
v -48.085047 53.182785 -14.949049
v -48.718599 53.091774 -5.280744
v -47.210883 53.183758 4.388942
v -42.410953 53.091766 12.693918
v -35.785159 53.186819 19.473350
v -27.422647 53.091766 23.317248
v -18.660532 53.188402 25.173206
v -9.932992 53.091754 23.976073
v -1.715480 53.190491 21.113493
v 5.066272 53.091737 15.919335
v 10.711186 53.196062 10.026604
v 14.027909 53.091717 3.069878
v 15.715148 53.091708 -11.427251
v 14.200365 53.201435 -18.617898
v 10.559891 53.091717 -24.886673
v 16.104232 53.199478 -4.035375
v 6.147335 53.198357 -30.605677
v -31.896770 52.943615 -36.663540
v -39.298399 52.501181 -31.491455
v -44.846208 52.938440 -23.963521
v -15.096778 52.946417 -40.162266
v -23.680044 52.501210 -39.787442
v 0.182435 52.949145 -35.548498
v -6.878594 52.501239 -38.851898
v -48.541380 52.501165 -15.072335
v -49.305057 52.936202 -5.248826
v -47.654318 52.501173 4.562176
v -42.875694 52.939016 13.073381
v -36.055379 52.501181 19.877339
v -27.600657 52.940978 23.899369
v -18.668933 52.501190 25.664314
v -9.773040 52.942280 24.569893
v -1.463381 52.501214 21.540951
v 5.518896 52.945201 16.358480
v 11.156344 52.501247 10.280282
v 14.650351 52.926004 3.326297
v 16.384349 52.946874 -11.553403
v 14.698488 52.501280 -18.799048
v 11.120789 52.951770 -25.233189
v 16.634902 52.501276 -4.003890
v 6.522970 52.501255 -30.971163
v -32.005775 49.638276 -36.839962
v -15.098930 49.638276 -40.365888
v -45.034064 49.638276 -24.062267
v -49.518785 49.638276 -5.240482
v -43.044880 49.638276 13.192676
v -27.662961 49.638280 24.090955
v -9.726346 49.638276 24.744370
v 5.607418 49.638276 16.379250
v 16.664113 49.568605 -4.651200
v 11.169373 49.638280 -25.322300
v 0.273774 49.638276 -35.729172
v -23.414918 35.335154 -37.977029
v -31.758390 42.455980 -36.243617
v -15.181964 42.466372 -39.703570
v -38.169839 35.322867 -30.135296
v -44.528293 42.455370 -23.721033
v -46.903509 35.326818 -14.625360
v -48.924123 42.457039 -5.277364
v -46.057847 35.321346 3.926274
v -42.569144 42.448591 12.792989
v -35.066047 35.296775 18.412295
v -27.469527 42.438039 23.484601
v -18.583962 35.294806 23.865518
v -9.864048 42.445019 24.089925
v -2.276139 35.289515 19.774854
v 5.159886 42.389997 15.740844
v -23.149535 28.742870 -36.628186
v -37.244139 28.738193 -29.133058
v -45.594058 28.739870 -14.287366
v -44.781511 28.737899 3.465659
v -34.283084 28.731388 17.319850
v -18.516594 28.731192 22.518873
v -2.823441 28.721933 18.524358
v -22.754057 22.333605 -34.704267
v -35.908296 22.333601 -27.709399
v -43.707692 22.333605 -13.808159
v -42.948958 22.333601 2.811181
v -33.171368 22.333601 15.772848
v -18.431733 22.333601 20.617224
v -3.658124 22.333601 16.768386
v -21.645094 10.968680 -28.569022
v -28.486821 16.510301 -29.741394
v -15.738046 16.500822 -32.345519
v -31.964556 10.992985 -23.203333
v -38.406914 16.577374 -20.034637
v -38.131236 11.065881 -12.350525
v -41.830194 16.614616 -5.616898
v -37.530179 11.037633 0.686873
v -36.902241 16.528531 8.469344
v -29.831231 10.892756 10.826567
v -25.249883 16.441216 16.753519
v -18.206863 10.858331 14.572127
v -11.425831 16.480977 17.060048
v -6.574675 11.013895 11.431833
v 0.638472 16.606096 10.054203
v -25.583573 4.446125 -22.571560
v -16.442733 4.526748 -24.328471
v -32.638089 4.370974 -15.963726
v -35.075757 4.363127 -6.142482
v -31.493410 4.368355 3.535802
v -22.989602 4.339995 9.326680
v -13.025100 4.399215 9.512445
v -4.539291 4.549731 4.653800
v -16.666920 1.539427 -22.188055
v -25.078507 1.539449 -20.695017
v -31.543894 1.539498 -14.933797
v -33.778089 1.539512 -6.308371
v -30.401736 1.539467 2.234673
v -22.475025 1.539440 7.424001
v -13.266668 1.539458 7.604527
v -5.425247 1.539503 3.214553
v -16.672624 -1.144395 -22.124740
v -25.048667 -1.144395 -20.637850
v -31.486766 -1.144395 -14.900448
v -33.711511 -1.144395 -6.311098
v -30.349011 -1.144395 2.196471
v -22.454762 -1.144395 7.364364
v -13.284361 -1.144395 7.541828
v -5.476998 -1.144395 3.165901
v -1.000481 1.539543 -3.525321
v -0.848566 1.539550 -9.875838
v 0.520988 4.611318 -10.070019
v 0.263490 4.640458 -2.834168
v 7.961048 13.866330 -5.976619
v 15.215232 34.840669 -5.161656
v 12.681750 28.575942 -5.534300
v 10.702467 22.239664 -5.671285
v -1.073118 -1.144395 -3.547164
v -0.923193 -1.144395 -9.866913
v 9.872914 34.962230 8.300009
v 15.035748 42.283999 0.635469
v 9.044214 28.551659 7.204679
v 7.650312 22.333605 5.852365
v 2.123049 11.224439 2.869700
v 8.750939 18.330031 -2.060885
v -3.695929 1.539514 -15.671538
v -9.101354 1.539458 -20.147648
v -8.242057 4.557567 -21.956421
v -2.438621 4.591386 -16.765663
v -1.991174 11.131593 -22.708129
v 10.470891 42.388209 -24.913846
v 5.081832 35.349453 -29.606204
v -0.109828 42.481820 -35.160352
v 4.062553 28.737880 -28.573890
v 2.583042 22.333605 -27.112069
v 4.133287 16.646740 -20.601484
v -4.197368 16.556343 -28.760305
v -3.758143 -1.144395 -15.635391
v -9.139586 -1.144395 -20.092293
v -7.539004 35.359812 -37.095901
v -8.001907 28.751140 -35.771857
v -8.657160 22.333605 -33.876746
v -10.681802 11.017605 -27.891456
v 12.578082 34.979104 -17.866726
v 15.915407 42.274988 -10.541646
v 11.357687 28.554267 -17.093595
v 9.537047 22.333601 -16.173932
v 3.361070 11.242123 -14.564881
v 8.857888 18.317056 -9.652457
v -23.501799 46.301966 -38.730286
v -38.617189 46.301732 -30.700883
v -47.562594 46.301966 -14.810116
v -46.703328 46.300780 4.192916
v -35.474734 46.299877 19.017617
v -18.646789 46.299119 24.615689
v -2.000176 46.296251 20.615148
v -23.005975 29.874490 -35.736222
v -36.662894 29.872318 -28.473950
v -44.753858 29.879241 -14.067052
v -43.966421 29.862214 3.161231
v -33.783708 29.840326 16.628901
v -18.557040 29.820856 21.635402
v -3.597052 29.781290 17.784737
v -21.819744 14.209942 -29.826325
v -32.599318 14.158520 -24.086340
v -39.003945 14.166625 -12.600958
v -38.385172 14.141576 1.115253
v -30.396009 14.034832 11.822100
v -18.373343 13.988921 15.749287
v -6.558141 14.085915 12.519239
v -23.621430 42.460216 -39.151754
v -38.944469 42.454434 -31.010795
v -48.011279 42.456932 -14.916425
v -47.136307 42.453973 4.335338
v -35.730444 42.441891 19.368082
v -18.640534 42.440696 25.038733
v -1.776417 42.437499 20.860942
v -22.211728 16.496024 -31.956540
v -34.060383 16.539426 -25.704213
v -41.121691 16.608589 -13.155193
v -40.435423 16.583880 1.885943
v -31.628108 16.473433 13.574348
v -18.335544 16.444661 17.911737
v -4.987219 16.540806 14.354664
v -21.094038 4.491764 -24.070825
v -29.549738 4.401153 -19.826270
v -34.570133 4.359263 -11.276357
v -34.064689 4.372829 -1.014691
v -27.645542 4.350564 7.103523
v -17.993853 4.354697 10.125069
v -8.446972 4.469985 7.612422
v -20.955113 1.539431 -21.979833
v -28.711723 1.539474 -18.312567
v -33.319662 1.539514 -10.817308
v -32.818806 1.539491 -1.798954
v -26.803409 1.539449 5.425626
v -17.856701 1.539445 8.148979
v -9.036509 1.539478 5.892220
v -20.942675 -1.144395 -21.917422
v -28.666553 -1.144395 -18.265195
v -33.255032 -1.144395 -10.801148
v -32.756168 -1.144395 -1.820532
v -26.765427 -1.144395 5.374404
v -17.855340 -1.144395 8.085527
v -9.072251 -1.144395 5.834598
v -0.486842 1.539552 -6.678768
v 0.863784 4.631991 -6.422484
v -0.562608 -1.144395 -6.685419
v 10.668736 42.276278 9.271633
v 5.170053 16.659559 4.409243
v -1.523533 4.616977 0.914720
v -2.639722 1.539525 -0.174692
v -2.704396 -1.144395 -0.211030
v -5.989946 1.539487 -18.051879
v -4.906992 4.573019 -19.540832
v 5.966252 42.464596 -30.486535
v 0.467126 16.602901 -25.120365
v -6.041741 -1.144395 -18.005127
v -7.133936 42.471625 -38.240024
v -9.585953 16.521215 -31.186653
v -12.035442 4.543754 -23.551133
v -12.594825 1.539436 -21.516118
v -12.617883 -1.144395 -21.455342
v 13.732754 42.278956 -18.480093
v 6.710233 16.675561 -15.354315
v -0.637220 4.596633 -13.571868
v -1.978700 1.539536 -12.920593
v -2.048528 -1.144395 -12.897044
v -20.875725 0.916956 -21.583476
v -28.427246 0.917040 -18.011851
v -32.913139 0.917119 -10.714334
v -32.425758 0.917067 -1.934906
v -26.570497 0.916980 5.097607
v -17.879365 0.916978 7.749121
v -9.352885 0.917058 5.598694
v -0.995128 0.917206 -6.348901
v -3.307061 0.917156 0.099028
v -6.299094 0.917056 -17.766950
v -12.735871 0.916951 -21.132130
v -2.275887 0.917163 -12.746867
v -9.341393 3.208789 5.714714
v -0.961362 3.237300 -6.333140
v -6.268881 3.214428 -17.858107
v -20.875461 3.199049 -21.716209
v -28.465375 3.213048 -18.113039
v -32.975697 3.226039 -10.740343
v -32.485333 3.218321 -1.875177
v -26.614683 3.200752 5.215870
v -17.896077 3.196036 7.885925
v -3.278799 3.227687 0.169271
v -12.713450 3.199813 -21.255030
v -2.240420 3.230969 -12.785435
v -38.791419 53.091774 -30.891896
v -23.550087 53.091749 -38.987918
v -7.155974 53.091737 -38.075688
v -47.810316 53.091774 -14.873489
v -46.944101 53.091774 4.283375
v -35.623332 53.091766 19.228922
v -18.656670 53.091758 24.876869
v -1.869927 53.091745 20.855183
v 10.441021 53.091725 9.868551
v 13.895764 53.091717 -18.509005
v 15.785210 53.091708 -4.071295
v 5.918987 53.091725 -30.386591
v -39.183363 52.941200 -31.358763
v -23.648894 52.945321 -39.607940
v -6.939646 52.947719 -38.676314
v -48.378714 52.936635 -15.028913
v -47.495981 52.937508 4.500948
v -35.958287 52.940220 19.733204
v -18.665610 52.941612 25.488487
v -1.552917 52.943335 21.388739
v 10.995893 52.947802 10.196130
v 14.522049 52.952771 -18.733110
v 16.441155 52.949796 -3.994938
v 6.388079 52.950480 -30.838337
v -23.705786 49.638276 -39.805243
v -39.337260 49.638280 -31.501303
v -48.587283 49.638276 -15.076767
v -47.697436 49.638276 4.567090
v -36.078712 49.638276 19.895502
v -18.670384 49.638276 25.685081
v -1.473988 49.638276 21.505854
v 11.145890 49.638276 10.032976
v 6.495123 49.638276 -30.976872
v -6.890815 49.638276 -38.872245
v 14.545337 49.638276 -18.793763
v 19.945184 47.565020 -2.950577
v 19.918301 47.599678 -6.891420
v 20.020149 44.107483 -2.249682
v 19.988474 44.116754 -7.713009
v 22.398093 48.499194 -3.216129
v 22.378924 48.517959 -6.590662
v 22.546384 45.504645 -2.616889
v 22.524116 45.491088 -7.284744
v 25.523367 48.564629 -3.365400
v 25.521814 48.582050 -6.462898
v 25.377520 45.695522 -2.876861
v 25.373708 45.680931 -7.028881
v 27.920867 47.864717 -3.366016
v 27.922111 47.883095 -6.465182
v 27.723520 44.938845 -2.900126
v 27.722552 44.924440 -7.006748
v 30.410712 46.396336 -3.266071
v 30.413811 46.418072 -6.558535
v 30.029428 43.184274 -2.832856
v 30.027639 43.168611 -7.069077
v 17.061482 46.649050 -1.883568
v 15.876264 38.658426 -1.043357
v 16.132324 38.654079 -9.259683
v 17.344643 46.971159 -7.771400
v 33.335138 42.703770 -3.259771
v 33.345546 42.722346 -6.542899
v 31.792298 40.028400 -2.793411
v 31.785940 40.017208 -7.087577
v 32.930786 33.700327 -3.412718
v 32.952683 33.701414 -6.370610
v 30.066315 33.791226 -2.908041
v 30.060645 33.792800 -6.954407
v 31.040685 30.728399 -3.392835
v 31.062941 30.722408 -6.377076
v 28.243804 31.584188 -2.902782
v 28.239148 31.587179 -6.949784
v 27.989079 27.586039 -3.365042
v 28.010893 27.574244 -6.403607
v 25.398098 28.988915 -2.895646
v 25.394323 28.992189 -6.961276
v 23.739461 24.282937 -3.415694
v 23.761399 24.267108 -6.460123
v 21.309908 25.972970 -2.981233
v 21.306488 25.975891 -6.986331
v 15.079092 18.858173 -3.932209
v 15.081153 18.848413 -6.916081
v 13.076242 21.135282 -3.483520
v 13.062325 21.137350 -7.346432
v 9.609874 16.612388 -3.919148
v 9.626966 16.529590 -7.751193
v 34.053971 37.019087 -3.398647
v 34.072464 37.026598 -6.397545
v 31.423495 36.284814 -2.884139
v 31.417310 36.284706 -6.988804
v 33.596188 33.692654 -4.884027
v 31.487339 33.738055 -2.691791
v 29.260999 33.867972 -4.941245
v 31.499350 33.739550 -7.139427
v 31.694698 30.537436 -4.877198
v 29.629016 31.156642 -2.670694
v 27.479558 31.836964 -4.936243
v 29.641806 31.154173 -7.149098
v 28.597406 27.260355 -4.876278
v 26.676933 28.295500 -2.647798
v 24.740117 29.348655 -4.938430
v 26.689739 28.289327 -7.173954
v 24.311471 23.885494 -4.930168
v 22.505973 25.141357 -2.713589
v 20.730811 26.372078 -4.993697
v 22.518858 25.132366 -7.217441
v 18.338704 20.812256 -3.662210
v 15.540559 18.330598 -5.436782
v 18.358118 20.795675 -6.668078
v 16.032133 22.756163 -3.264058
v 14.061026 20.017116 -3.210966
v 16.027965 22.759396 -7.137874
v 12.635999 21.628229 -5.411703
v 14.052212 20.013527 -7.631175
v 12.669903 17.637673 -4.107391
v 10.020402 15.640532 -5.880729
v 12.593907 17.618743 -7.135768
v 11.612248 20.847233 -3.336606
v 11.586929 20.848313 -7.716431
v 17.374153 48.705544 -4.815995
v 18.318610 46.992483 -2.345263
v 19.915190 48.370026 -4.907689
v 18.451247 47.110200 -7.505042
v 16.307650 42.381649 -0.193141
v 18.039606 41.819793 -1.767389
v 19.986645 45.817585 -2.022080
v 16.459681 37.869733 -5.096557
v 18.090054 41.837132 -8.323585
v 20.023837 43.179832 -4.997097
v 16.674511 42.572485 -9.891446
v 19.949992 45.846973 -7.890190
v 21.050493 48.123110 -3.100323
v 22.355197 49.191276 -4.892151
v 21.025238 48.149300 -6.717085
v 21.195999 44.959131 -2.446848
v 22.475576 46.986451 -2.416192
v 21.166553 44.957169 -7.479374
v 22.574066 44.701805 -4.962953
v 22.449517 46.991820 -7.448053
v 23.979979 48.636623 -3.307355
v 25.556196 49.233166 -4.906705
v 23.970172 48.653534 -6.507824
v 23.989419 45.730328 -2.769236
v 25.449836 47.111015 -2.645988
v 23.977095 45.714237 -7.129992
v 25.339722 44.983632 -4.961632
v 25.446514 47.114320 -7.230077
v 26.760209 48.315969 -3.384467
v 27.966963 48.548122 -4.909206
v 26.761421 48.333531 -6.448128
v 26.563110 45.459570 -2.912735
v 27.820753 46.380406 -2.649730
v 26.562134 45.445486 -6.995178
v 27.676138 44.236362 -4.961555
v 27.821013 46.384229 -7.228353
v 29.213485 47.208743 -3.317562
v 30.503689 47.148562 -4.907914
v 29.215516 47.228674 -6.510723
v 28.946303 44.153197 -2.868065
v 30.214581 44.761772 -2.519441
v 28.945042 44.138239 -7.036609
v 29.957277 42.475808 -4.958162
v 30.215480 44.766535 -7.353683
v 31.461144 45.450780 -3.238545
v 31.465693 45.473386 -6.582981
v 30.864222 42.174153 -2.811731
v 30.861379 42.158252 -7.087726
v 32.590625 44.031628 -3.239688
v 33.701926 43.326232 -4.895659
v 32.598454 44.052193 -6.572986
v 31.484549 41.009812 -2.797719
v 32.548435 41.344081 -2.516439
v 31.479514 40.995712 -7.092945
v 31.454527 39.422652 -4.948422
v 32.551480 41.349677 -7.334715
v 33.935155 40.969159 -3.303708
v 33.948559 40.985089 -6.492214
v 31.918816 38.844412 -2.812584
v 31.911778 38.837032 -7.061908
v 34.184132 39.151312 -3.353005
v 34.200276 39.163781 -6.441031
v 31.808937 37.657021 -2.844914
v 31.802035 37.653518 -7.027227
v 18.472468 48.257197 -4.898515
v 18.159502 44.347721 -1.215418
v 18.001586 40.723540 -5.068592
v 18.279192 44.436618 -8.785295
v 21.005307 48.856295 -4.895917
v 21.127293 46.525206 -2.243753
v 21.220055 44.099333 -4.977456
v 21.093014 46.542426 -7.638002
v 23.973188 49.310588 -4.898358
v 23.986172 47.166466 -2.555510
v 23.985348 44.979404 -4.959750
v 23.972232 47.168835 -7.311295
v 26.806212 48.982594 -4.909474
v 26.660294 46.867988 -2.675766
v 26.514912 44.761121 -4.962275
v 26.660541 46.871577 -7.203344
v 29.279080 47.923064 -4.908678
v 29.076472 45.656253 -2.588470
v 28.891211 43.450912 -4.959998
v 29.077037 45.660522 -7.287405
v 31.604647 46.218558 -4.906934
v 31.155019 43.782082 -2.480455
v 30.747041 41.465284 -4.956729
v 31.156214 43.787125 -7.390167
v 32.855982 44.737131 -4.901661
v 32.024496 42.494437 -2.489706
v 31.259298 40.343055 -4.952650
v 32.026519 42.499398 -7.371707
v 34.408418 41.462498 -4.891220
v 32.911972 39.888577 -2.571961
v 31.434847 38.361914 -4.946028
v 32.916826 39.894836 -7.272119
v 34.736065 39.500386 -4.889520
v 32.983068 38.389847 -2.632523
v 31.196604 37.321273 -4.945514
v 32.990081 38.396135 -7.208972
v 34.662254 37.195789 -4.890213
v 32.727181 36.642009 -2.688444
v 30.705897 36.135649 -4.946258
v 32.736427 36.646962 -7.154110
v 18.880713 20.355365 -5.162194
v 17.163791 21.802472 -2.970288
v 15.528391 23.180555 -5.207596
v 17.173920 21.793613 -7.404191
v 12.802964 16.946451 -5.673779
v 12.120472 19.298101 -3.149454
v 11.591152 21.330943 -5.491406
v 12.051166 19.294294 -7.990200
vt 0.400704 0.648027
vt 0.425000 0.648027
vt 0.450000 0.648027
vt 0.475000 0.648027
vt 0.500000 0.648027
vt 0.525000 0.648027
vt 0.550000 0.648027
vt 0.574164 0.648027
vt 0.400774 0.547430
vt 0.425000 0.547430
vt 0.450000 0.547430
vt 0.475000 0.547430
vt 0.500000 0.547430
vt 0.525000 0.547430
vt 0.550000 0.547430
vt 0.574084 0.547430
vt 0.401038 0.410838
vt 0.425000 0.410838
vt 0.450000 0.410838
vt 0.475000 0.410838
vt 0.500000 0.410838
vt 0.525000 0.410838
vt 0.550000 0.410838
vt 0.573788 0.410924
vt 0.518815 1.119522
vt 0.518278 1.121451
vt 0.337098 1.180427
vt 0.442895 1.151629
vt 0.480169 1.209806
vt 0.492449 1.024011
vt 0.501078 1.045950
vt 0.506518 1.065368
vt 0.512761 1.084181
vt 0.518964 1.102270
vt 0.608294 0.411573
vt 0.590822 0.411435
vt 0.592693 0.648027
vt 0.606462 0.648027
vt 0.592296 0.547430
vt 0.606826 0.547430
vt 0.383315 0.407477
vt 0.375000 0.391431
vt 0.617375 0.407477
vt 0.375000 0.407477
vt 0.375000 0.639046
vt 0.618251 0.650633
vt 0.375000 0.650720
vt 0.380609 0.650633
vt 0.375000 0.552156
vt 0.375000 0.532459
vt 0.617998 0.552156
vt 0.381123 0.552156
vt 0.400728 0.595688
vt 0.425000 0.595689
vt 0.450000 0.595689
vt 0.475000 0.595689
vt 0.500000 0.595689
vt 0.525000 0.595689
vt 0.550000 0.595689
vt 0.574136 0.595689
vt 0.400774 0.547430
vt 0.425000 0.547430
vt 0.450000 0.547430
vt 0.475000 0.547430
vt 0.500000 0.547430
vt 0.525000 0.547430
vt 0.550000 0.547430
vt 0.574084 0.547430
vt 0.400878 0.474490
vt 0.425000 0.474490
vt 0.450000 0.474490
vt 0.475000 0.474490
vt 0.500000 0.474490
vt 0.525000 0.474490
vt 0.550000 0.474490
vt 0.573963 0.474490
vt 0.401038 0.410838
vt 0.425000 0.410838
vt 0.450000 0.410838
vt 0.475000 0.410838
vt 0.500000 0.410838
vt 0.525000 0.410838
vt 0.550000 0.410838
vt 0.573788 0.410924
vt 0.609365 0.410801
vt 0.590435 0.411665
vt 0.594017 0.662045
vt 0.605991 0.666795
vt 0.593471 0.573042
vt 0.606184 0.577476
vt 0.592296 0.547430
vt 0.606826 0.547430
vt 0.592112 0.474943
vt 0.606720 0.476647
vt 0.383315 0.407477
vt 0.375000 0.391431
vt 0.375000 0.407477
vt 0.617375 0.407477
vt 0.375000 0.593786
vt 0.618139 0.593786
vt 0.375000 0.582802
vt 0.380815 0.593786
vt 0.375000 0.552156
vt 0.617998 0.552156
vt 0.375000 0.532459
vt 0.381123 0.552156
vt 0.375000 0.472715
vt 0.617665 0.472715
vt 0.375000 0.452553
vt 0.381963 0.472715
vt 0.060060 0.835246
vt 0.899055 0.863502
vt 0.156771 0.865639
vt 0.785967 0.895819
vt 0.277618 0.925952
vt 0.673181 0.944856
vt 0.406160 0.980422
vt 0.482082 0.996688
vt 0.558491 0.998624
vt 0.523657 0.998786
vt 0.520694 1.018525
vt 0.912936 0.842047
vt 0.401409 0.323686
vt 0.425000 0.323714
vt 0.450000 0.324296
vt 0.475000 0.324531
vt 0.500000 0.324217
vt 0.525000 0.323829
vt 0.550000 0.323948
vt 0.573242 0.324105
vt 0.611102 0.325186
vt 0.588097 0.324918
vt 0.386577 0.323067
vt 0.375000 0.315856
vt 0.617886 0.318590
vt 0.425008 0.688428
vt 0.425020 0.688440
vt 0.400008 0.688428
vt 0.400014 0.688440
vt 0.450007 0.688429
vt 0.450023 0.688440
vt 0.475000 0.688429
vt 0.474997 0.688440
vt 0.475000 0.688247
vt 0.500008 0.688429
vt 0.499986 0.688440
vt 0.525008 0.688428
vt 0.524994 0.688440
vt 0.550008 0.688428
vt 0.549993 0.688440
vt 0.575006 0.688427
vt 0.574976 0.688440
vt 0.606673 0.688427
vt 0.606676 0.688440
vt 0.593335 0.688427
vt 0.593305 0.688440
vt 0.380623 0.688428
vt 0.380631 0.688440
vt 0.618247 0.688427
vt 0.618247 0.688440
vt 0.375002 0.688440
vt 0.375002 0.688428
vt 0.424998 0.682232
vt 0.400700 0.682232
vt 0.449997 0.682231
vt 0.475000 0.682231
vt 0.500001 0.682232
vt 0.525001 0.682232
vt 0.550001 0.682232
vt 0.574169 0.682232
vt 0.606448 0.682232
vt 0.592710 0.682232
vt 0.382336 0.682234
vt 0.618247 0.686464
vt 0.375000 0.686468
vt 0.412500 0.622210
vt 0.437500 0.622210
vt 0.462500 0.622210
vt 0.487500 0.622210
vt 0.512500 0.622210
vt 0.537500 0.622210
vt 0.562500 0.622210
vt 0.412500 0.440096
vt 0.437500 0.440096
vt 0.462500 0.440096
vt 0.487500 0.440096
vt 0.512500 0.440096
vt 0.537500 0.440096
vt 0.562500 0.440096
vt 0.412500 0.340815
vt 0.437500 0.340815
vt 0.462500 0.340815
vt 0.487500 0.340815
vt 0.512500 0.340815
vt 0.537500 0.340815
vt 0.562500 0.340815
vt 0.500000 0.350084
vt 0.500000 0.350052
vt 0.500000 0.350021
vt 0.500000 0.350018
vt 0.500000 0.350049
vt 0.500000 0.350084
vt 0.500000 0.350053
vt 0.500000 0.638540
vt 0.500000 0.638504
vt 0.500000 0.638469
vt 0.500000 0.638472
vt 0.500000 0.638507
vt 0.500000 0.638540
vt 0.500000 0.638504
vt 0.296506 0.314641
vt 0.600145 0.343542
vt 0.297762 0.683631
vt 0.584110 0.622210
vt 0.583004 0.440096
vt 0.581081 0.342179
vt 0.796506 0.350021
vt 0.797762 0.638469
vt 0.768897 0.321827
vt 0.380315 0.335675
vt 0.377856 0.619313
vt 0.378819 0.435055
vt 0.769080 0.674603
vt 0.390356 0.622210
vt 0.391319 0.440096
vt 0.392815 0.340815
vt 0.268897 0.350064
vt 0.269080 0.638523
vt 0.612487 0.622210
vt 0.613256 0.440096
vt 0.615417 0.344384
vt 0.344609 0.350018
vt 0.342041 0.638473
vt 0.500009 0.849150
vt 0.500782 0.849517
vt 0.500575 0.849383
vt 0.499425 0.849380
vt 0.499217 0.849514
vt 0.500009 0.849150
vt 0.500783 0.849519
vt 0.703288 0.853110
vt 0.794805 0.849005
vt 0.769309 0.852548
vt 0.271210 0.849284
vt 0.345390 0.849182
vt 0.562500 0.315432
vt 0.600012 0.315736
vt 0.380790 0.314662
vt 0.412500 0.315223
vt 0.437500 0.315436
vt 0.462500 0.315770
vt 0.487500 0.315728
vt 0.512500 0.315437
vt 0.537500 0.315353
vt 0.580157 0.315554
vt 0.393290 0.315204
vt 0.616308 0.315669
vt 0.437504 0.687531
vt 0.412504 0.687530
vt 0.390312 0.687530
vt 0.462502 0.687531
vt 0.487502 0.687485
vt 0.512504 0.687531
vt 0.537504 0.687530
vt 0.562503 0.687530
vt 0.584168 0.687530
vt 0.612459 0.687530
vt 0.600002 0.687530
vt 0.377810 0.687531
vt 0.437489 0.687451
vt 0.412492 0.687452
vt 0.390304 0.687452
vt 0.462495 0.687451
vt 0.487504 0.687451
vt 0.512505 0.687452
vt 0.537503 0.687452
vt 0.562506 0.687452
vt 0.584176 0.687452
vt 0.612455 0.687452
vt 0.600004 0.687452
vt 0.377815 0.687453
vt 0.412500 0.668548
vt 0.437500 0.668548
vt 0.462500 0.668548
vt 0.487500 0.668548
vt 0.512500 0.668548
vt 0.537500 0.668548
vt 0.562500 0.668548
vt 0.599870 0.662606
vt 0.584168 0.668548
vt 0.377806 0.668571
vt 0.390306 0.668548
vt 0.612457 0.668549
vt 0.412500 0.595689
vt 0.425000 0.622210
vt 0.400714 0.622210
vt 0.437500 0.595689
vt 0.450000 0.622210
vt 0.462500 0.595689
vt 0.475000 0.622210
vt 0.487500 0.595689
vt 0.500000 0.622210
vt 0.512500 0.595689
vt 0.525000 0.622210
vt 0.537500 0.595689
vt 0.550000 0.622210
vt 0.562500 0.595689
vt 0.574152 0.622210
vt 0.412500 0.547430
vt 0.437500 0.547430
vt 0.462500 0.547430
vt 0.487500 0.547430
vt 0.512500 0.547430
vt 0.537500 0.547430
vt 0.562500 0.547430
vt 0.412500 0.474490
vt 0.437500 0.474490
vt 0.462500 0.474490
vt 0.487500 0.474490
vt 0.512500 0.474490
vt 0.537500 0.474490
vt 0.562500 0.474490
vt 0.412500 0.410838
vt 0.425000 0.440096
vt 0.400955 0.440096
vt 0.437500 0.410838
vt 0.450000 0.440096
vt 0.462500 0.410838
vt 0.475000 0.440096
vt 0.487500 0.410838
vt 0.500000 0.440096
vt 0.512500 0.410838
vt 0.525000 0.440096
vt 0.537500 0.410838
vt 0.550000 0.440096
vt 0.562500 0.410838
vt 0.573876 0.440096
vt 0.425000 0.340815
vt 0.401329 0.340815
vt 0.450000 0.340815
vt 0.475000 0.340815
vt 0.500000 0.340815
vt 0.525000 0.340815
vt 0.550000 0.340815
vt 0.573395 0.341156
vt 1.000000 0.350082
vt 0.000000 0.350082
vt 0.000000 0.350085
vt 1.000000 0.350084
vt 0.000000 0.350021
vt 1.000000 0.350021
vt 0.000000 0.350021
vt 1.000000 0.350021
vt 0.000000 0.350016
vt 1.000000 0.350016
vt 0.000000 0.350082
vt 1.000000 0.350082
vt 0.000000 0.350085
vt 1.000000 0.350086
vt 0.000000 0.350021
vt 1.000000 0.350021
vt 1.000000 0.638541
vt 0.000000 0.638541
vt 0.000000 0.638539
vt 1.000000 0.638539
vt 0.000000 0.638469
vt 1.000000 0.638469
vt 0.000000 0.638469
vt 1.000000 0.638469
vt 0.000000 0.638475
vt 1.000000 0.638474
vt 0.000000 0.638541
vt 1.000000 0.638541
vt 0.000000 0.638539
vt 1.000000 0.638539
vt 0.000000 0.638469
vt 1.000000 0.638469
vt 0.569759 0.341177
vt 0.000000 0.279261
vt 0.406989 0.350018
vt 0.610455 0.343753
vt 0.588887 0.343201
vt 0.600095 0.407417
vt 0.600213 0.579001
vt 0.600000 0.547430
vt 0.599979 0.479153
vt 0.571643 0.649760
vt 0.000000 0.728793
vt 0.404476 0.638472
vt 0.584043 0.595689
vt 0.590791 0.603388
vt 0.583836 0.547430
vt 0.583354 0.474490
vt 0.582651 0.411179
vt 0.591133 0.443287
vt 1.000000 0.293607
vt 0.282228 0.350018
vt 0.528345 0.342996
vt 0.386098 0.339530
vt 0.375000 0.330535
vt 0.617703 0.345226
vt 0.379158 0.399454
vt 0.379158 0.407477
vt 0.375000 0.616416
vt 0.618195 0.622210
vt 0.377907 0.593786
vt 0.377907 0.588294
vt 0.382409 0.621486
vt 0.378062 0.552156
vt 0.378062 0.542307
vt 0.378481 0.472715
vt 0.378481 0.462634
vt 0.375000 0.430015
vt 0.617520 0.440096
vt 0.383854 0.438836
vt 1.000000 0.710700
vt 0.279606 0.638473
vt 0.528620 0.647534
vt 0.390414 0.595689
vt 0.390595 0.547430
vt 0.391013 0.474490
vt 0.391652 0.410838
vt 0.612524 0.595689
vt 0.606919 0.617766
vt 0.612650 0.547430
vt 0.612981 0.474490
vt 0.613598 0.411731
vt 0.608471 0.443147
vt 0.412500 0.648027
vt 0.437500 0.648027
vt 0.462500 0.648027
vt 0.487500 0.648027
vt 0.512500 0.648027
vt 0.537500 0.648027
vt 0.562500 0.648027
vt 0.412500 0.547430
vt 0.437500 0.547430
vt 0.462500 0.547430
vt 0.487500 0.547430
vt 0.512500 0.547430
vt 0.537500 0.547430
vt 0.562500 0.547430
vt 0.412500 0.410838
vt 0.437500 0.410838
vt 0.462500 0.410838
vt 0.487500 0.410838
vt 0.512500 0.410838
vt 0.537500 0.410838
vt 0.562500 0.410838
vt 0.001866 0.848219
vt 0.998930 0.849014
vt 0.998152 0.850082
vt 0.001069 0.849012
vt 0.002635 0.850020
vt 0.998724 0.848746
vt 0.002427 0.850020
vt 0.997573 0.850020
vt 0.001276 0.848739
vt 0.997365 0.850015
vt 0.001069 0.849012
vt 0.998152 0.850082
vt 0.001866 0.848219
vt 0.998931 0.849017
vt 0.002635 0.850020
vt 0.998724 0.848744
vt 0.600036 0.411520
vt 0.600000 0.547430
vt 0.466727 0.850205
vt 0.997461 0.856958
vt 0.590886 0.849266
vt 0.584154 0.648027
vt 0.583836 0.547430
vt 0.582651 0.411179
vt 0.379158 0.399454
vt 0.379158 0.407477
vt 0.377804 0.644840
vt 0.377804 0.650677
vt 0.378062 0.552156
vt 0.378062 0.542307
vt 0.530805 0.850236
vt 0.997268 0.855541
vt 0.281665 0.849100
vt 0.390318 0.648027
vt 0.390595 0.547430
vt 0.391652 0.410838
vt 0.612464 0.648027
vt 0.612650 0.547430
vt 0.613598 0.411731
vt 0.600000 0.648027
vt 0.550000 0.315413
vt 0.562500 0.323976
vt 0.573164 0.315461
vt 0.611434 0.315748
vt 0.587700 0.315662
vt 0.600054 0.325115
vt 0.386810 0.315040
vt 0.375000 0.314178
vt 0.617907 0.315545
vt 0.380635 0.321537
vt 0.412500 0.323664
vt 0.437500 0.323982
vt 0.462500 0.324484
vt 0.487500 0.324421
vt 0.512500 0.323984
vt 0.537500 0.323858
vt 0.580467 0.324501
vt 0.393135 0.323635
vt 0.616007 0.325225
vt 0.401447 0.315238
vt 0.425000 0.315257
vt 0.450000 0.315645
vt 0.475000 0.315802
vt 0.500000 0.315592
vt 0.525000 0.315334
vt 0.425004 0.687531
vt 0.437507 0.688429
vt 0.437521 0.688440
vt 0.450003 0.687531
vt 0.400706 0.687530
vt 0.412508 0.688428
vt 0.412517 0.688440
vt 0.382340 0.687530
vt 0.390315 0.688428
vt 0.390323 0.688440
vt 0.462504 0.688429
vt 0.462510 0.688440
vt 0.475000 0.687531
vt 0.475000 0.687440
vt 0.487504 0.688338
vt 0.487491 0.688440
vt 0.500003 0.687519
vt 0.512508 0.688428
vt 0.512490 0.688440
vt 0.525004 0.687531
vt 0.537508 0.688428
vt 0.537494 0.688440
vt 0.550004 0.687530
vt 0.562507 0.688428
vt 0.562485 0.688440
vt 0.574169 0.687530
vt 0.584170 0.688427
vt 0.584141 0.688440
vt 0.592709 0.687530
vt 0.606451 0.687530
vt 0.612460 0.688427
vt 0.612461 0.688440
vt 0.618247 0.687530
vt 0.375001 0.687532
vt 0.600004 0.688427
vt 0.599991 0.688440
vt 0.377812 0.688428
vt 0.377816 0.688440
vt 0.424990 0.687452
vt 0.437497 0.682231
vt 0.449990 0.687451
vt 0.400696 0.687452
vt 0.412498 0.682232
vt 0.382337 0.687452
vt 0.390307 0.682232
vt 0.462499 0.682231
vt 0.475000 0.687451
vt 0.487501 0.682231
vt 0.500006 0.687452
vt 0.512501 0.682232
vt 0.525003 0.687452
vt 0.537501 0.682232
vt 0.550004 0.687452
vt 0.562501 0.682232
vt 0.574175 0.687452
vt 0.584168 0.682232
vt 0.592716 0.687452
vt 0.606447 0.687452
vt 0.612457 0.682232
vt 0.618245 0.687452
vt 0.375015 0.687454
vt 0.600001 0.682232
vt 0.377809 0.682239
vt 0.425000 0.668548
vt 0.400702 0.668548
vt 0.450000 0.668548
vt 0.475000 0.668548
vt 0.500000 0.668548
vt 0.525000 0.668548
vt 0.550000 0.668548
vt 0.574167 0.668548
vt 0.375000 0.668594
vt 0.618249 0.668549
vt 0.382334 0.668554
vt 0.000000 0.521145
vt 0.500000 0.515859
vt 0.500000 0.760572
vt 0.000000 0.760572
vt 1.000000 0.521145
vt 1.000000 0.760572
vt 1.000000 1.000000
vt 0.500000 1.000000
vt 0.000000 1.000000
vt 0.000000 0.521145
vt 0.500000 0.515859
vt 0.500000 0.760572
vt 0.000000 0.760572
vt 1.000000 0.521145
vt 1.000000 0.760572
vt 1.000000 1.000000
vt 0.500000 1.000000
vt 0.000000 1.000000
vt 0.000000 0.521145
vt 0.500000 0.515859
vt 0.500000 0.760572
vt 0.000000 0.760572
vt 1.000000 0.521145
vt 1.000000 0.760572
vt 1.000000 1.000000
vt 0.500000 1.000000
vt 0.000000 1.000000
vt 0.000000 0.521145
vt 0.500000 0.515859
vt 0.500000 0.760572
vt 0.000000 0.760572
vt 1.000000 0.521145
vt 1.000000 0.760572
vt 1.000000 1.000000
vt 0.500000 1.000000
vt 0.000000 1.000000
vt 0.000000 0.000000
vt 0.500000 0.000000
vt 0.500000 0.500000
vt 0.000000 0.500000
vt 1.000000 0.000000
vt 1.000000 0.500000
vt 1.000000 1.000000
vt 0.500000 1.000000
vt 0.000000 1.000000
vt 0.000000 0.000000
vt 0.500000 0.000000
vt 0.500000 0.500000
vt 0.000000 0.500000
vt 1.000000 0.000000
vt 1.000000 0.500000
vt 1.000000 1.000000
vt 0.500000 1.000000
vt 0.000000 1.000000
vt 0.000000 0.000000
vt 0.500000 0.000000
vt 0.500000 0.500000
vt 0.000000 0.500000
vt 1.000000 0.000000
vt 1.000000 0.500000
vt 1.000000 1.000000
vt 0.500000 1.000000
vt 0.000000 1.000000
vt 0.000000 0.000000
vt 0.500000 0.000000
vt 0.500000 0.500000
vt 0.000000 0.500000
vt 1.000000 0.000000
vt 1.000000 0.500000
vt 1.000000 1.000000
vt 0.500000 1.000000
vt 0.000000 1.000000
vt 0.000000 0.000000
vt 0.500000 0.000000
vt 0.500000 0.500000
vt 0.000000 0.500000
vt 1.000000 0.000000
vt 1.000000 0.500000
vt 1.000000 1.000000
vt 0.500000 1.000000
vt 0.000000 1.000000
vt 0.000000 0.000000
vt 0.500000 0.000000
vt 0.500000 0.500000
vt 0.000000 0.500000
vt 1.000000 0.000000
vt 1.000000 0.500000
vt 1.000000 1.000000
vt 0.500000 1.000000
vt 0.000000 1.000000
vt 0.000000 0.000000
vt 0.500000 0.000000
vt 0.500000 0.500000
vt 0.000000 0.500000
vt 1.000000 0.000000
vt 1.000000 0.500000
vt 1.000000 1.000000
vt 0.500000 1.000000
vt 0.000000 1.000000
vt 0.000000 0.000000
vt 0.500000 0.000000
vt 0.500000 0.500000
vt 0.000000 0.500000
vt 1.000000 0.000000
vt 1.000000 0.500000
vt 1.000000 1.000000
vt 0.500000 1.000000
vt 0.000000 1.000000
vt 0.000000 0.000000
vt 0.500000 0.000000
vt 0.500000 0.500000
vt 0.000000 0.500000
vt 1.000000 0.000000
vt 1.000000 0.500000
vt 1.000000 1.000000
vt 0.500000 1.000000
vt 0.000000 1.000000
vt 0.000000 0.000000
vt 0.500000 0.000000
vt 0.500000 0.500000
vt 0.000000 0.500000
vt 1.000000 0.000000
vt 1.000000 0.500000
vt 1.000000 1.000000
vt 0.500000 1.000000
vt 0.000000 1.000000
vt 0.000000 0.000000
vt 0.500000 0.000000
vt 0.500000 0.500000
vt 0.000000 0.500000
vt 1.000000 0.000000
vt 1.000000 0.500000
vt 1.000000 1.000000
vt 0.500000 1.000000
vt 0.000000 1.000000
vt 0.000000 0.000000
vt 0.500000 0.000000
vt 0.500000 0.500000
vt 0.000000 0.500000
vt 1.000000 0.000000
vt 1.000000 0.500000
vt 1.000000 1.000000
vt 0.500000 1.000000
vt 0.000000 1.000000
vt 0.000000 0.000000
vt 0.500000 0.000000
vt 0.500000 0.500000
vt 0.000000 0.500000
vt 1.000000 0.000000
vt 1.000000 0.500000
vt 1.000000 1.000000
vt 0.500000 1.000000
vt 0.000000 1.000000
vt 0.000000 0.000000
vt 0.500000 0.000000
vt 0.500000 0.500000
vt 0.000000 0.500000
vt 1.000000 0.000000
vt 1.000000 0.500000
vt 1.000000 1.000000
vt 0.500000 1.000000
vt 0.000000 1.000000
vt 0.000000 0.000000
vt 0.500000 0.000000
vt 0.500000 0.500000
vt 0.000000 0.500000
vt 1.000000 0.000000
vt 1.000000 0.500000
vt 1.000000 1.000000
vt 0.500000 1.000000
vt 0.000000 1.000000
vt 0.000000 0.000000
vt 0.500000 0.000000
vt 0.500000 0.500000
vt 0.000000 0.500000
vt 1.000000 0.000000
vt 1.000000 0.500000
vt 1.000000 1.000000
vt 0.500000 1.000000
vt 0.000000 1.000000
vt 0.000000 0.000000
vt 0.500000 0.000000
vt 0.500000 0.500000
vt 0.000000 0.500000
vt 1.000000 0.000000
vt 1.000000 0.500000
vt 0.000000 0.000000
vt 0.500000 0.000000
vt 0.500000 0.500000
vt 0.000000 0.500000
vt 1.000000 0.000000
vt 1.000000 0.500000
vt 0.000000 0.000000
vt 0.500000 0.000000
vt 0.500000 0.500000
vt 0.000000 0.500000
vt 1.000000 0.000000
vt 1.000000 0.500000
vt 0.000000 0.000000
vt 0.500000 0.000000
vt 0.500000 0.500000
vt 0.000000 0.500000
vt 1.000000 0.000000
vt 1.000000 0.500000
vt -0.202525 -0.495904
vt 0.510203 -0.030185
vt 1.837052 -0.131125
vt -0.214637 0.004043
vt 0.502849 0.002123
vt 1.069834 -0.830761
vt -0.624504 -0.685525
vt 0.485248 -0.124170
vt -1.103542 -0.616440
vt -0.049731 0.614289
vt 0.877412 0.128650
vt 2.071213 0.071598
vt 0.500000 0.500000
vt 0.000000 0.500000
vt 1.000000 0.500000
vt 1.000000 1.000000
vt 0.500000 1.000000
vt 0.000000 1.000000
vt 0.500000 0.500000
vt 0.000000 0.500000
vt 1.000000 0.500000
vt 1.000000 1.000000
vt 0.500000 1.000000
vt 0.000000 1.000000
vt 0.500000 0.500000
vt 0.000000 0.500000
vt 1.000000 0.500000
vt 1.000000 1.000000
vt 0.500000 1.000000
vt 0.000000 1.000000
vt 0.500000 0.500000
vt 0.000000 0.500000
vt 1.000000 0.500000
vt 1.000000 1.000000
vt 0.500000 1.000000
vt 0.000000 1.000000
vt 0.000000 0.000000
vt 0.500000 0.000000
vt 0.500000 0.500000
vt 0.000000 0.500000
vt 1.000000 0.000000
vt 1.000000 0.500000
vt 0.000000 0.000000
vt 0.500000 0.000000
vt 0.500000 0.500000
vt 0.000000 0.500000
vt 1.000000 0.000000
vt 1.000000 0.500000
vt 0.000000 0.000000
vt 0.500000 0.000000
vt 0.500000 0.500000
vt 0.000000 0.500000
vt 1.000000 0.000000
vt 1.000000 0.500000
vt 0.000000 0.000000
vt 0.500000 0.000000
vt 0.500000 0.500000
vt 0.000000 0.500000
vt 1.000000 0.000000
vt 1.000000 0.500000
vt 0.500000 0.500000
vt 0.000000 0.500000
vt 1.000000 0.500000
vt 0.500000 0.500000
vt 0.000000 0.500000
vt 1.000000 0.500000
vt 0.500000 0.500000
vt 0.000000 0.500000
vt 1.000000 0.500000
vt 0.500000 0.500000
vt 0.000000 0.500000
vt 1.000000 0.500000
vt 0.500000 0.500000
vt 0.000000 0.500000
vt 1.000000 0.500000
vt 0.500000 0.500000
vt 0.000000 0.500000
vt 1.000000 0.500000
vt 0.500000 0.500000
vt 0.000000 0.500000
vt 1.000000 0.500000
vt 0.500000 0.500000
vt 0.000000 0.500000
vt 1.000000 0.500000
vt 1.000000 1.000000
vt 0.500000 1.000000
vt 0.000000 1.000000
vt 1.000000 1.000000
vt 0.500000 1.000000
vt 0.000000 1.000000
vt 1.000000 1.000000
vt 0.500000 1.000000
vt 0.000000 1.000000
vt 1.000000 1.000000
vt 0.500000 1.000000
vt 0.000000 1.000000
vt 0.000000 0.000000
vt 0.500000 0.000000
vt 1.000000 0.000000
vt 1.000000 1.000000
vt 0.500000 1.000000
vt 0.000000 1.000000
vt 0.000000 0.000000
vt 0.500000 0.000000
vt 1.000000 0.000000
vt 1.000000 1.000000
vt 0.500000 1.000000
vt 0.000000 1.000000
vt 0.000000 0.000000
vt 0.500000 0.000000
vt 1.000000 0.000000
vt 1.000000 1.000000
vt 0.500000 1.000000
vt 0.000000 1.000000
vt 0.000000 0.000000
vt 0.500000 0.000000
vt 1.000000 0.000000
vt 1.000000 1.000000
vt 0.500000 1.000000
vt 0.000000 1.000000
vt 0.000000 0.000000
vt 0.500000 0.000000
vt 1.000000 0.000000
vt 1.000000 1.000000
vt 0.500000 1.000000
vt 0.000000 1.000000
vt 0.000000 0.000000
vt 0.500000 0.000000
vt 1.000000 0.000000
vt 1.000000 1.000000
vt 0.500000 1.000000
vt 0.000000 1.000000
vt 0.000000 0.000000
vt 0.500000 0.000000
vt 1.000000 0.000000
vt 1.000000 1.000000
vt 0.500000 1.000000
vt 0.000000 1.000000
vt 0.000000 0.000000
vt 0.500000 0.000000
vt 1.000000 0.000000
vt 1.000000 1.000000
vt 0.500000 1.000000
vt 0.000000 1.000000
vt 0.000000 0.000000
vt 0.500000 0.000000
vt 1.000000 0.000000
vt 1.000000 1.000000
vt 0.500000 1.000000
vt 0.000000 1.000000
vt 0.000000 0.000000
vt 0.500000 0.000000
vt 1.000000 0.000000
vt 1.000000 1.000000
vt 0.500000 1.000000
vt 0.000000 1.000000
vt 0.000000 0.000000
vt 0.500000 0.000000
vt 1.000000 0.000000
vt 1.000000 1.000000
vt 0.500000 1.000000
vt 0.000000 1.000000
vt 0.000000 0.000000
vt 0.500000 0.000000
vt 1.000000 0.000000
vt 1.000000 1.000000
vt 0.500000 1.000000
vt 0.000000 1.000000
vt 0.000000 0.000000
vt 0.500000 0.000000
vt 1.000000 0.000000
vt 0.000000 0.000000
vt 0.500000 0.000000
vt 1.000000 0.000000
vt 0.000000 0.000000
vt 0.500000 0.000000
vt 1.000000 0.000000
vt 0.000000 0.000000
vt 0.500000 0.000000
vt 1.000000 0.000000
vt 0.500000 0.500000
vt 0.000000 0.500000
vt 1.000000 0.500000
vt 1.000000 1.000000
vt 0.500000 1.000000
vt 0.000000 1.000000
vt 0.500000 0.500000
vt 0.000000 0.500000
vt 1.000000 0.500000
vt 1.000000 1.000000
vt 0.500000 1.000000
vt 0.000000 1.000000
vt 0.500000 0.500000
vt 0.000000 0.500000
vt 1.000000 0.500000
vt 1.000000 1.000000
vt 0.500000 1.000000
vt 0.000000 1.000000
vt 0.500000 0.500000
vt 0.000000 0.500000
vt 1.000000 0.500000
vt 1.000000 1.000000
vt 0.500000 1.000000
vt 0.000000 1.000000
vt 0.000000 0.000000
vt 0.500000 0.000000
vt 0.400140 0.584987
vt -0.069089 0.585024
vt 1.000000 0.000000
vt 0.869369 0.584950
vt 0.738738 1.169900
vt 0.300280 1.169975
vt -0.138178 1.170049
vt 0.000000 0.000000
vt 0.500000 0.000000
vt 0.620800 -0.383204
vt 0.235444 -1.218157
vt 1.000000 0.000000
vt 1.006155 0.451749
vt 0.693671 2.555724
vt 0.574682 -0.304111
vt 0.470887 -2.436314
vt 0.000000 0.000000
vt 0.500000 0.000000
vt 0.548963 0.537871
vt 0.000464 0.499959
vt 1.000000 0.000000
vt 1.097463 0.575784
vt 1.649595 1.636083
vt 0.632931 1.130742
vt -0.295320 1.607949
vt 0.000000 0.000000
vt 0.500000 0.000000
vt 0.462129 0.263310
vt -0.070827 -0.007367
vt 1.000000 0.000000
vt 0.995085 0.533987
vt 0.990170 1.067973
vt 0.588177 0.580274
vt -0.058654 -0.366559
vt 0.326401 -0.365163
vt 0.768172 -0.468679
vt 0.999641 1.000718
vt -0.219744 -0.394004
vt 0.481131 -0.215166
vt 1.179069 -0.361273
vt 0.943498 0.999895
vt 0.513450 0.999909
vt 0.083402 0.999923
vt 0.194053 -0.479260
vt 0.649864 -0.356271
vt 0.000337 1.000635
vn 0.054765 -0.184380 -0.981328
vn -0.200799 -0.183304 -0.962330
vn -0.202679 -0.127274 -0.970939
vn 0.054859 -0.128607 -0.990177
vn -0.461534 -0.182177 -0.868216
vn -0.465549 -0.125470 -0.876083
vn -0.688899 -0.180747 -0.701961
vn -0.694894 -0.123293 -0.708464
vn -0.857330 -0.179205 -0.482566
vn -0.864882 -0.121192 -0.487126
vn -0.957210 -0.178307 -0.227936
vn -0.965741 -0.119924 -0.230138
vn -0.982990 -0.178129 0.044725
vn -0.991784 -0.119731 0.045046
vn -0.928168 -0.179097 0.326233
vn -0.936477 -0.120982 0.329203
vn -0.783981 -0.179487 0.594271
vn -0.790799 -0.122362 0.599720
vn -0.568796 -0.179291 0.802700
vn -0.573600 -0.123293 0.809804
vn -0.309073 -0.179443 0.933956
vn -0.312492 -0.124061 0.941784
vn -0.031814 -0.180607 0.983041
vn -0.034206 -0.125492 0.991505
vn 0.239115 -0.181913 0.953798
vn 0.237923 -0.127854 0.962832
vn 0.479700 -0.182113 0.858326
vn 0.480205 -0.131075 0.867308
vn 0.672538 -0.181307 0.717510
vn 0.673511 -0.134939 0.726756
vn 0.055063 -0.247808 -0.967243
vn -0.197527 -0.246671 -0.948755
vn -0.454979 -0.246006 -0.855848
vn -0.679271 -0.245184 -0.691720
vn -0.845271 -0.244200 -0.475271
vn -0.943544 -0.243724 -0.224329
vn -0.968882 -0.243541 0.044224
vn -0.915020 -0.243879 0.321343
vn -0.773485 -0.242860 0.585440
vn -0.561548 -0.241150 0.791525
vn -0.304045 -0.240514 0.921797
vn -0.028779 -0.241802 0.969899
vn 0.239481 -0.243769 0.939801
vn 0.476355 -0.244845 0.844474
vn 0.667128 -0.245116 0.703462
vn 0.054790 -0.359538 -0.931521
vn -0.189240 -0.357409 -0.914575
vn -0.438254 -0.355406 -0.825602
vn -0.655499 -0.353204 -0.667508
vn -0.816344 -0.351275 -0.458464
vn -0.911286 -0.350458 -0.216189
vn -0.935732 -0.350113 0.042738
vn -0.884015 -0.350114 0.309738
vn -0.748129 -0.348422 0.564717
vn -0.543524 -0.346149 0.764697
vn -0.292932 -0.345399 0.891566
vn -0.024518 -0.347211 0.937467
vn 0.236243 -0.350781 0.906169
vn 0.464730 -0.355194 0.811088
vn 0.648152 -0.360664 0.670687
vn 0.052781 -0.553635 -0.831085
vn -0.161490 -0.548512 -0.820400
vn -0.175557 -0.475858 -0.861823
vn 0.053939 -0.479458 -0.875906
vn -0.387424 -0.535573 -0.750376
vn -0.411748 -0.469921 -0.780793
vn -0.593628 -0.517470 -0.616304
vn -0.620115 -0.462591 -0.633614
vn -0.752889 -0.499134 -0.428980
vn -0.775844 -0.455834 -0.436213
vn -0.849188 -0.487143 -0.203891
vn -0.867914 -0.452038 -0.205880
vn -0.873310 -0.485480 0.040490
vn -0.891480 -0.451244 0.040534
vn -0.818402 -0.496423 0.289452
vn -0.841237 -0.453815 0.293890
vn -0.683844 -0.512625 0.519205
vn -0.711033 -0.456311 0.534989
vn -0.490068 -0.527280 0.694124
vn -0.515533 -0.458211 0.724064
vn -0.258915 -0.536042 0.803506
vn -0.275729 -0.459948 0.844051
vn -0.014281 -0.538077 0.842774
vn -0.019130 -0.462142 0.886599
vn 0.223233 -0.534735 0.815000
vn 0.229329 -0.464996 0.855095
vn 0.431996 -0.529295 0.730223
vn 0.445332 -0.469156 0.762609
vn 0.599608 -0.526456 0.602756
vn 0.616812 -0.476046 0.626836
vn 0.050099 -0.577871 -0.814589
vn -0.154070 -0.571620 -0.805923
vn -0.375740 -0.552288 -0.744176
vn -0.585463 -0.523648 -0.618891
vn -0.752478 -0.493487 -0.436174
vn -0.855972 -0.472783 -0.209255
vn -0.881526 -0.470251 0.042151
vn -0.819518 -0.490391 0.296491
vn -0.674779 -0.521294 0.522423
vn -0.476595 -0.548889 0.686715
vn -0.249179 -0.564365 0.787021
vn -0.012344 -0.565825 0.824433
vn 0.219210 -0.555297 0.802242
vn 0.427312 -0.537834 0.726732
vn 0.599499 -0.520544 0.607976
vn 0.046478 -0.581212 -0.812424
vn -0.149932 -0.573444 -0.805408
vn -0.370322 -0.546656 -0.751019
vn -0.586824 -0.505235 -0.632752
vn -0.764191 -0.460384 -0.451729
vn -0.876606 -0.428615 -0.218748
vn -0.904055 -0.425032 0.045085
vn -0.833717 -0.456593 0.310546
vn -0.675286 -0.505926 0.536682
vn -0.469279 -0.548942 0.691693
vn -0.243112 -0.571869 0.783494
vn -0.011304 -0.572105 0.820103
vn 0.218444 -0.552282 0.804529
vn 0.431618 -0.518741 0.737980
vn 0.615281 -0.480311 0.625085
vn -0.174767 -0.023718 -0.984324
vn 0.055437 -0.023693 -0.998181
vn 0.055334 -0.023693 -0.998187
vn -0.174686 -0.023718 -0.984339
vn -0.427403 -0.024007 -0.903743
vn -0.427250 -0.024006 -0.903815
vn -0.665158 -0.024362 -0.746305
vn -0.665041 -0.024362 -0.746410
vn -0.851666 -0.024626 -0.523507
vn -0.851608 -0.024626 -0.523600
vn -0.967761 -0.024809 -0.250644
vn -0.967750 -0.024809 -0.250688
vn -0.998155 -0.024822 0.055408
vn -0.998152 -0.024822 0.055472
vn -0.929758 -0.024651 0.367344
vn -0.929677 -0.024651 0.367551
vn -0.768361 -0.024190 0.639559
vn -0.768164 -0.024190 0.639796
vn -0.547677 -0.023737 0.836353
vn -0.547459 -0.023736 0.836496
vn -0.291138 -0.023508 0.956392
vn -0.291006 -0.023508 0.956433
vn -0.019474 -0.023702 0.999529
vn -0.019463 -0.023702 0.999530
vn 0.248042 -0.024311 0.968444
vn 0.247948 -0.024311 0.968468
vn 0.488636 -0.025253 0.872122
vn 0.488481 -0.025253 0.872209
vn 0.688179 -0.026393 0.725060
vn 0.688014 -0.026392 0.725218
vn -0.000000 -1.000000 -0.000000
vn 0.000000 -1.000000 -0.000000
vn -0.000000 -1.000000 0.000000
vn -0.000000 -1.000000 -0.000000
vn -0.000000 -1.000000 -0.000000
vn -0.000000 -1.000000 -0.000000
vn -0.000000 -1.000000 -0.000000
vn -0.000000 -1.000000 0.000000
vn -0.000000 -1.000000 0.000000
vn -0.000000 -1.000000 0.000000
vn -0.000000 -1.000000 0.000000
vn -0.000000 -1.000000 0.000000
vn -0.000000 -1.000000 0.000000
vn 0.000000 -1.000000 0.000000
vn 0.000000 -1.000000 0.000000
vn 0.000000 -1.000000 0.000000
vn 0.913796 -0.405477 0.023761
vn 0.888388 -0.413364 -0.199742
vn 0.813526 -0.541048 -0.213172
vn 0.822156 -0.568872 0.021103
vn 0.864793 -0.419224 0.276378
vn 0.780095 -0.551628 0.295225
vn 0.999313 -0.028267 0.023962
vn 0.949008 -0.028216 0.313988
vn 0.948981 -0.028216 0.314068
vn 0.999321 -0.028267 0.023651
vn 0.972265 -0.027804 -0.232225
vn 0.972149 -0.027803 -0.232707
vn 0.816012 -0.528767 -0.233517
vn 0.789103 -0.613964 0.019109
vn 0.781675 -0.532888 0.324059
vn 0.943871 -0.263866 -0.198702
vn 0.920721 -0.210380 -0.328654
vn 0.930386 -0.134355 -0.341073
vn 0.950558 -0.118102 -0.287214
vn 0.895505 -0.253375 0.365886
vn 0.873726 -0.103861 0.475202
vn 0.836047 -0.122354 0.534842
vn 0.830460 -0.197539 0.520879
vn 0.942588 -0.306253 -0.133180
vn 0.941129 -0.336024 0.036922
vn 0.986870 -0.158965 0.028603
vn 0.938197 -0.304497 -0.164525
vn 0.911317 -0.297356 0.284747
vn 0.904388 -0.295775 0.307571
vn 0.000000 -1.000000 -0.000000
vn 0.000000 -1.000000 0.000000
vn 0.000000 -1.000000 -0.000000
vn 0.837383 -0.265447 0.477836
vn 0.820882 -0.348668 0.452309
vn 0.712363 -0.523033 0.467949
vn 0.756597 -0.451156 0.473306
vn 0.802413 -0.403638 0.439555
vn 0.713442 -0.521941 0.467522
vn 0.755806 -0.445847 0.479560
vn 0.835796 -0.027413 0.548355
vn 0.835664 -0.027412 0.548557
vn 0.000000 -1.000000 0.000000
vn 0.561431 -0.517558 -0.645700
vn 0.401374 -0.550219 -0.732228
vn 0.413376 -0.560094 -0.717924
vn 0.569221 -0.541026 -0.619095
vn 0.705640 -0.477687 -0.523342
vn 0.700890 -0.520259 -0.487938
vn 0.637795 -0.025686 -0.769778
vn 0.787712 -0.026515 -0.615473
vn 0.787415 -0.026513 -0.615853
vn 0.637426 -0.025684 -0.770083
vn 0.464585 -0.024871 -0.885179
vn 0.464210 -0.024869 -0.885376
vn 0.428961 -0.548106 -0.718034
vn 0.583356 -0.540200 -0.606531
vn 0.707472 -0.532330 -0.464875
vn 0.687919 -0.136217 -0.712890
vn 0.829635 -0.141402 -0.540102
vn 0.824143 -0.193169 -0.532423
vn 0.683180 -0.191953 -0.704570
vn 0.504689 -0.132589 -0.853059
vn 0.501141 -0.189699 -0.844317
vn 0.673693 -0.259260 -0.692042
vn 0.495475 -0.255610 -0.830162
vn 0.812357 -0.261010 -0.521488
vn 0.648920 -0.374446 -0.662339
vn 0.479015 -0.369264 -0.796360
vn 0.781128 -0.378013 -0.496936
vn 0.611416 -0.488346 -0.622647
vn 0.452449 -0.486006 -0.747722
vn 0.734960 -0.490217 -0.468530
vn 0.000000 -1.000000 -0.000000
vn 0.000000 -1.000000 -0.000000
vn 0.000000 -1.000000 -0.000000
vn 0.284706 -0.186653 -0.940268
vn 0.286420 -0.130249 -0.949210
vn 0.282593 -0.251050 -0.925805
vn 0.274609 -0.363577 -0.890170
vn 0.245525 -0.553010 -0.796177
vn 0.260415 -0.482636 -0.836210
vn 0.233314 -0.573481 -0.785292
vn 0.222136 -0.572998 -0.788878
vn 0.260513 -0.024107 -0.965169
vn 0.260220 -0.024106 -0.965248
vn 0.000000 -1.000000 -0.000000
vn 0.917101 -0.278687 -0.285060
vn 0.892172 -0.363273 -0.268444
vn 0.779476 -0.521922 -0.346432
vn 0.828385 -0.458429 -0.321904
vn 0.858783 -0.400229 -0.319856
vn 0.779138 -0.514945 -0.357459
vn 0.814665 -0.439806 -0.378011
vn 0.897274 -0.027175 -0.440636
vn 0.897070 -0.027174 -0.441052
vn 0.000000 -1.000000 -0.000000
vn 0.201369 0.138409 0.969687
vn 0.195962 0.262339 0.944869
vn -0.056261 0.264424 0.962764
vn -0.056343 0.140188 0.988521
vn 0.464382 0.136796 0.875006
vn 0.453212 0.260546 0.852476
vn 0.693700 0.135165 0.707468
vn 0.677269 0.258632 0.688779
vn 0.863537 0.133671 0.486247
vn 0.842849 0.256831 0.472909
vn 0.964164 0.132827 0.229661
vn 0.940614 0.255805 0.223179
vn 0.990138 0.132688 -0.044948
vn 0.965815 0.255525 -0.043672
vn 0.935060 0.133533 -0.328377
vn 0.912486 0.256110 -0.319024
vn 0.790089 0.133975 -0.598172
vn 0.772090 0.255676 -0.581813
vn 0.573228 0.133844 -0.808391
vn 0.560568 0.254460 -0.788044
vn 0.311812 0.134166 -0.940624
vn 0.302995 0.254155 -0.918477
vn 0.033701 0.136444 -0.990074
vn 0.027689 0.256461 -0.966158
vn -0.236343 0.140975 -0.961389
vn -0.238901 0.261508 -0.935169
vn -0.474485 0.147293 -0.867853
vn -0.471822 0.268834 -0.839709
vn -0.653198 0.277300 -0.704583
vn -0.663155 0.154125 -0.732441
vn 0.176413 0.442184 0.879404
vn -0.055103 0.446191 0.893240
vn 0.416938 0.433507 0.798896
vn 0.631529 0.421673 0.650663
vn 0.793596 0.409882 0.449669
vn 0.890470 0.402151 0.212928
vn 0.915064 0.401061 -0.042515
vn 0.860792 0.407837 -0.304478
vn 0.723736 0.417584 -0.549390
vn 0.522258 0.426154 -0.738675
vn 0.279246 0.431439 -0.857836
vn 0.020051 0.433034 -0.901154
vn -0.231260 0.431358 -0.872037
vn -0.451545 0.427901 -0.782948
vn -0.622986 0.424911 -0.656764
vn -0.851799 0.424665 -0.306754
vn -0.900088 0.426318 -0.089967
vn -0.864324 0.497731 -0.072165
vn -0.816888 0.502049 -0.283973
vn -0.894358 0.428808 0.127468
vn -0.852984 0.503006 0.139298
vn -0.947022 0.295942 0.124770
vn -0.949203 0.290140 -0.121793
vn -0.975669 0.167461 -0.141517
vn -0.977999 0.165494 0.127001
vn -0.900087 0.280066 -0.333775
vn -0.921678 0.165267 -0.350993
vn -0.997417 0.015638 -0.070110
vn -0.997484 0.015633 -0.069143
vn -0.941873 0.019672 -0.335393
vn -0.941187 0.019720 -0.337310
vn -0.825228 0.161201 -0.541307
vn -0.802689 0.281241 -0.525921
vn -0.755862 0.424024 -0.498875
vn -0.747478 0.436508 0.500737
vn -0.619138 0.441447 0.649456
vn -0.561709 0.559952 0.609046
vn -0.690460 0.537347 0.484276
vn -0.459183 0.445054 0.768816
vn -0.410266 0.579395 0.704261
vn -0.494145 0.274171 0.825016
vn -0.665081 0.280599 0.692048
vn -0.681332 0.152277 0.715960
vn -0.504463 0.147411 0.850757
vn -0.799487 0.287182 0.527586
vn -0.822150 0.157600 0.547021
vn -0.633557 0.039122 0.772707
vn -0.634947 0.039039 0.771569
vn -0.782046 0.029552 0.622520
vn -0.781083 0.029619 0.623725
vn -0.288302 0.143092 0.946787
vn -0.283284 0.268284 0.920746
vn -0.263337 0.446814 0.854992
vn -0.922492 0.162322 0.350230
vn -0.894342 0.292648 0.338393
vn -0.840305 0.432210 0.327235
vn 0.007196 0.999280 0.037258
vn 0.000683 1.000000 -0.000659
vn -0.001857 0.999223 0.039359
vn 0.016022 0.999347 0.032389
vn 0.023321 0.999407 0.025318
vn 0.028401 0.999453 0.016961
vn 0.031133 0.999485 0.007773
vn 0.031523 0.999501 -0.001834
vn 0.029438 0.999501 -0.011471
vn 0.025018 0.999479 -0.020401
vn 0.018575 0.999445 -0.027645
vn 0.010432 0.999406 -0.032856
vn 0.001111 0.999367 -0.035557
vn -0.008670 0.999332 -0.035497
vn -0.017855 0.999307 -0.032669
vn -0.025256 0.999297 -0.027722
vn -0.036785 0.999320 -0.002646
vn -0.034780 0.999319 -0.012369
vn -0.036647 0.999303 0.007091
vn -0.030852 0.999305 -0.020898
vn -0.025366 0.999207 0.030693
vn -0.030683 0.999236 0.024217
vn -0.018662 0.999193 0.035555
vn -0.010351 0.999197 0.038717
vn -0.034499 0.999272 0.016288
vn -0.482441 0.046523 -0.874692
vn -0.672657 0.036977 -0.739030
vn -0.674782 0.036853 -0.737096
vn -0.485100 0.046408 -0.873226
vn -0.196476 0.644601 -0.738841
vn -0.216294 0.574873 -0.789137
vn -0.422376 0.554816 -0.716783
vn -0.393765 0.611370 -0.686423
vn -0.587389 0.533069 -0.608943
vn -0.561082 0.573440 -0.596954
vn -0.845723 0.507246 0.165695
vn -0.864671 0.499016 -0.057670
vn -0.980605 0.016398 0.195308
vn -0.980646 0.016395 0.195101
vn -0.812249 0.510697 -0.281852
vn -0.364497 0.638296 0.678027
vn -0.512052 0.606951 0.607794
vn -0.463915 0.047585 0.884601
vn -0.465130 0.047535 0.883965
vn -0.649307 0.568551 0.505125
vn 0.154249 0.591702 0.791263
vn -0.049278 0.597328 0.800482
vn 0.373992 0.573673 0.728717
vn 0.579901 0.546980 0.603762
vn 0.742052 0.519159 0.424068
vn 0.841622 0.500362 0.203250
vn 0.866187 0.498089 -0.040346
vn 0.806774 0.516198 -0.287499
vn 0.666471 0.544633 -0.509108
vn 0.472125 0.570678 -0.671881
vn 0.247768 0.585493 -0.771887
vn 0.013077 0.586528 -0.809823
vn 0.175666 0.056475 0.982828
vn -0.055628 0.057198 0.996812
vn -0.055994 0.057196 0.996792
vn 0.174111 0.056494 0.983104
vn 0.666892 0.043583 0.743879
vn 0.429128 0.051488 0.901775
vn 0.426731 0.051554 0.902908
vn 0.664682 0.043672 0.745849
vn 0.967917 0.029596 0.249519
vn 0.852673 0.035311 0.521250
vn 0.851521 0.035370 0.523127
vn 0.967730 0.029605 0.250244
vn 0.930502 0.034346 -0.364673
vn 0.998094 0.028849 -0.054545
vn 0.998030 0.028857 -0.055702
vn 0.929444 0.034421 -0.367354
vn 0.549022 0.053293 -0.834107
vn 0.769888 0.043901 -0.636668
vn 0.767935 0.044007 -0.639014
vn 0.547239 0.053353 -0.835274
vn 0.020445 0.059381 -0.998026
vn 0.292173 0.058989 -0.954544
vn 0.291640 0.058996 -0.954707
vn 0.021456 0.059390 -0.998004
vn -0.246314 0.054679 -0.967646
vn -0.244040 0.054740 -0.968219
vn -0.719500 0.514844 -0.466106
vn -0.827378 0.027412 -0.560976
vn -0.825868 0.027512 -0.563191
vn -0.231993 0.592861 0.771164
vn -0.261205 0.054117 0.963765
vn -0.261760 0.054103 0.963615
vn -0.790215 0.517153 0.328806
vn -0.901559 0.021468 0.432123
vn -0.901073 0.021501 0.433134
vn -0.041648 0.667912 0.743074
vn 0.135982 0.661671 0.737360
vn 0.338509 0.637847 0.691782
vn 0.542414 0.599411 0.588637
vn 0.714254 0.556130 0.424924
vn 0.825685 0.524583 0.207501
vn 0.852498 0.520927 -0.043377
vn 0.779925 0.552493 -0.294055
vn 0.623442 0.600825 -0.500329
vn 0.428259 0.642159 -0.635787
vn 0.221238 0.663838 -0.714404
vn 0.012044 0.663925 -0.747702
vn -0.703095 0.538027 -0.464957
vn -0.200564 0.659880 0.724108
vn -0.766085 0.532697 0.359649
vn 0.467372 0.085283 0.879938
vn 0.697756 0.084160 0.711375
vn -0.131747 0.961360 -0.241724
vn -0.200852 0.959048 -0.199712
vn -0.254010 0.957063 -0.139672
vn 0.868373 0.082856 0.488941
vn 0.203209 0.086052 0.975347
vn -0.056772 0.963261 -0.262496
vn -0.055437 0.086174 0.994736
vn 0.012880 0.965458 -0.260241
vn -0.288040 0.086843 0.953672
vn 0.072094 0.966794 -0.245178
vn -0.505151 0.087922 0.858541
vn 0.125795 0.967960 -0.217325
vn 0.969485 0.082221 0.230953
vn -0.288141 0.955232 -0.067136
vn -0.296114 0.955065 0.012908
vn 0.995614 0.082001 -0.045044
vn 0.940307 0.083098 -0.330027
vn -0.281055 0.954817 0.096610
vn -0.234092 0.956329 0.175029
vn 0.794330 0.083752 -0.601686
vn 0.576211 0.084159 -0.812956
vn -0.167460 0.957741 0.233856
vn -0.090259 0.959209 0.267900
vn 0.314647 0.084290 -0.945459
vn 0.037296 0.084809 -0.995699
vn -0.011489 0.960147 0.279261
vn 0.063026 0.961321 0.268121
vn -0.232453 0.085580 -0.968835
vn -0.471773 0.086661 -0.877451
vn 0.125915 0.963020 0.238198
vn 0.171637 0.965392 0.196365
vn -0.663529 0.087991 -0.742959
vn -0.826993 0.118122 -0.549663
vn 0.212427 0.965536 0.150381
vn 0.245590 0.964874 0.093292
vn -0.924055 0.148924 -0.352057
vn -0.987285 0.092897 0.128992
vn -0.929982 0.091892 0.355933
vn 0.242163 0.969793 -0.029308
vn 0.223221 0.970927 -0.086444
vn 0.198977 0.970605 -0.135405
vn -0.826956 0.090207 0.554984
vn -0.982192 0.122437 -0.142509
vn 0.252859 0.967006 0.030998
vn -0.683704 0.088902 0.724324
vn 0.167180 0.969415 -0.179679
vn -0.383895 0.573190 -0.723932
vn -0.576248 0.567251 -0.588357
vn -0.467462 0.060832 -0.881917
vn -0.698278 0.061723 -0.713161
vn -0.869334 0.062600 -0.490245
vn -0.720804 0.561490 -0.406412
vn -0.166078 0.577730 -0.799153
vn -0.202943 0.060103 -0.977344
vn 0.045543 0.581361 -0.812370
vn 0.056001 0.059636 -0.996648
vn 0.234774 0.584490 -0.776693
vn 0.288925 0.059407 -0.955507
vn 0.410360 0.587681 -0.697306
vn 0.507068 0.057291 -0.860000
vn -0.807548 0.557455 -0.192642
vn -0.970766 0.063132 -0.231578
vn -0.996983 0.063088 0.045210
vn -0.829886 0.556666 0.037583
vn -0.782615 0.558489 0.274961
vn -0.941579 0.062274 0.330984
vn -0.795283 0.060826 0.603179
vn -0.659151 0.561994 0.499683
vn -0.476904 0.564995 0.673308
vn -0.576873 0.059553 0.814660
vn -0.315013 0.058790 0.947265
vn -0.259890 0.567397 0.781357
vn -0.030757 0.569117 0.821681
vn -0.036896 0.056903 0.997698
vn 0.234179 0.051099 0.970850
vn 0.191499 0.570691 0.798524
vn 0.388041 0.572693 0.722113
vn 0.475328 0.038689 0.878957
vn 0.668231 0.021083 0.743655
vn 0.544258 0.576019 0.609906
vn 0.668055 0.578702 0.467768
vn 0.832390 -0.045936 0.552284
vn 0.921271 -0.085458 0.379416
vn 0.755790 0.583150 0.297855
vn 0.798908 0.591631 -0.108250
vn 0.752848 0.591470 -0.288760
vn 0.987532 -0.044619 -0.150965
vn 0.940424 -0.028411 -0.338814
vn 0.832238 0.028767 -0.553672
vn 0.669103 0.592089 -0.449146
vn 0.800624 0.591431 0.095970
vn 0.991661 -0.019762 0.127347
vn 0.554022 0.590266 -0.587066
vn 0.687846 0.047306 -0.724313
vn -0.203563 -0.062660 -0.977055
vn 0.055433 -0.064022 -0.996408
vn -0.467999 -0.060714 -0.881641
vn -0.698751 -0.058326 -0.712983
vn -0.869802 -0.056030 -0.490209
vn -0.971282 -0.054596 -0.231582
vn -0.997490 -0.054426 0.045294
vn -0.941921 -0.055798 0.331167
vn -0.795412 -0.057793 0.603307
vn -0.576930 -0.059420 0.814629
vn -0.314767 -0.060545 0.947236
vn -0.035862 -0.062442 0.997404
vn 0.236532 -0.066792 0.969325
vn 0.478955 -0.075060 0.874625
vn 0.672089 -0.086476 0.735403
vn 0.989649 0.098051 0.104786
vn 0.977740 -0.058076 -0.201622
vn 0.914712 -0.057219 0.400034
vn 0.839224 -0.091643 0.536008
vn 0.689974 -0.074968 -0.719942
vn 0.507312 -0.067766 -0.859094
vn 0.832374 -0.087346 -0.547288
vn 0.288326 -0.065245 -0.955307
vn 0.937492 -0.092379 -0.335522
vn 0.803760 0.319066 -0.502162
vn 0.831962 0.547165 0.091926
vn 0.026226 0.999073 0.034123
vn 0.118238 0.664953 -0.737467
vn 0.718508 0.274175 0.639198
vn 0.114102 0.637570 0.761896
vn -0.110991 0.734230 0.669766
vn -0.246722 0.968916 0.018184
vn -0.100417 0.757238 -0.645374
vn 0.682148 -0.073922 0.727468
vn 0.367332 0.092074 0.925521
vn 0.825949 -0.363075 0.431260
vn 0.773899 -0.455806 0.439682
vn 0.667632 -0.529552 0.523299
vn 0.210180 0.193705 0.958281
vn 0.901567 -0.431390 0.032859
vn 0.840814 -0.541150 0.013703
vn 0.881477 -0.350011 -0.317001
vn 0.809073 -0.434010 -0.396278
vn 0.690083 -0.511987 -0.511522
vn 0.742839 -0.669468 0.001816
vn 0.791464 -0.056828 -0.608568
vn 0.391246 0.136475 -0.910110
vn 0.237370 0.222699 -0.945548
vn -0.313912 0.949408 0.009199
vn -0.210221 0.749895 -0.627267
vn -0.216165 0.734840 0.642871
vn -0.088421 0.752060 0.653137
vn -0.147470 0.989043 0.006825
vn -0.088392 0.763504 -0.639726
vn 0.041408 0.216339 0.975440
vn 0.452642 -0.648841 0.611654
vn 0.271417 -0.692809 0.668094
vn 0.052287 0.217837 0.974584
vn 0.528074 -0.849194 -0.002622
vn 0.458257 -0.633083 -0.623864
vn 0.273880 -0.681657 -0.678479
vn 0.310873 -0.950451 0.001131
vn 0.047167 0.245818 -0.968168
vn 0.051444 0.244465 -0.968292
vn -0.008938 0.999947 0.005071
vn 0.010667 0.759358 -0.650585
vn 0.015295 0.749767 0.661525
vn 0.103328 0.736823 0.668144
vn 0.117590 0.993052 0.004463
vn 0.099769 0.745876 -0.658571
vn 0.064329 0.204998 0.976646
vn 0.112552 -0.715258 0.689738
vn -0.037151 -0.720780 0.692167
vn 0.064166 0.188407 0.979993
vn 0.103997 -0.994573 0.002941
vn 0.111038 -0.705930 -0.699524
vn -0.037872 -0.711579 -0.701585
vn -0.085134 -0.996365 0.003167
vn 0.058532 0.229789 -0.971479
vn 0.061519 0.212174 -0.975294
vn 0.272431 0.962162 0.005042
vn 0.210581 0.723004 -0.657967
vn 0.209409 0.714398 0.667670
vn 0.294282 0.688646 0.662695
vn 0.394814 0.918744 0.005500
vn 0.298511 0.696463 -0.652557
vn 0.060114 0.179180 0.981978
vn -0.217239 -0.694774 0.685635
vn -0.371147 -0.653679 0.659510
vn 0.052782 0.169741 0.984074
vn -0.309241 -0.950978 0.003255
vn -0.214719 -0.686725 -0.694481
vn -0.367053 -0.647179 -0.668155
vn -0.489822 -0.871817 0.003178
vn 0.066028 0.201781 -0.977202
vn 0.064903 0.191379 -0.979368
vn 0.484525 0.874760 0.005605
vn 0.369031 0.665594 -0.648691
vn 0.363823 0.658550 0.658745
vn 0.455273 0.611128 0.647494
vn 0.592472 0.805571 0.005643
vn 0.461197 0.617145 -0.637518
vn 0.057333 0.156712 0.985979
vn -0.481777 -0.608216 0.630843
vn -0.582939 -0.546793 0.600999
vn 0.080872 0.140631 0.986754
vn -0.618374 -0.785878 0.003059
vn -0.477055 -0.602984 -0.639398
vn -0.577948 -0.542792 -0.609387
vn -0.733610 -0.679564 0.002918
vn 0.073190 0.177271 -0.981437
vn 0.100246 0.159589 -0.982081
vn 0.715476 0.698619 0.005028
vn 0.584453 0.545685 -0.600535
vn 0.577875 0.541891 0.610258
vn 0.660606 0.447117 0.603063
vn 0.811366 0.584516 0.005196
vn 0.669042 0.449191 -0.592123
vn 0.157261 0.138645 0.977776
vn -0.669873 -0.439398 0.598498
vn -0.851884 -0.523725 0.002546
vn -0.661703 -0.437174 -0.609121
vn 0.182088 0.154132 -0.971127
vn 0.927439 -0.371250 0.045061
vn 0.750561 0.320770 0.577724
vn 0.905061 0.425252 0.005031
vn 0.758684 0.321647 -0.566517
vn 0.190394 0.106000 0.975968
vn -0.757038 -0.315091 0.572373
vn -0.779327 -0.146836 0.609170
vn 0.270549 0.076030 0.959699
vn -0.937321 -0.348460 0.002377
vn -0.747951 -0.315947 -0.583736
vn -0.768810 -0.148465 -0.622004
vn -0.991426 -0.130651 0.002157
vn 0.221691 0.117074 -0.968063
vn 0.302169 0.081927 -0.949727
vn 0.966368 0.257113 0.005118
vn 0.803823 0.178968 -0.567309
vn 0.795890 0.177833 0.578735
vn 0.813956 0.013062 0.580780
vn 0.998487 0.054755 0.005114
vn 0.821971 0.014007 -0.569357
vn 0.288609 0.019093 0.957257
vn -0.791138 0.006073 0.611608
vn -0.997831 0.065804 0.001880
vn -0.781590 0.004570 -0.623776
vn 0.318714 0.021780 -0.947601
vn 0.786019 -0.183877 0.590224
vn 0.980861 -0.194649 0.004904
vn 0.793866 -0.185781 -0.579018
vn 0.297297 -0.037527 0.954047
vn -0.746298 0.155590 0.647172
vn -0.966748 0.255726 0.001682
vn -0.736005 0.153822 -0.659269
vn 0.325207 -0.038339 -0.944865
vn 0.703709 -0.336287 0.625863
vn 0.913232 -0.407396 0.005899
vn 0.712200 -0.341858 -0.613110
vn 0.283293 -0.096668 0.954149
vn -0.652710 0.306362 0.692901
vn -0.889595 0.456749 0.001167
vn -0.641483 0.299289 -0.706346
vn 0.308940 -0.106227 -0.945131
vn 0.210145 -0.114640 0.970926
vn -0.604482 0.419895 0.676971
vn -0.809082 0.587694 0.001374
vn -0.596471 0.411461 -0.689146
vn 0.233845 -0.131502 -0.963340
vn 0.790337 -0.612635 0.006776
vn 0.605767 -0.486705 -0.629416
vn 0.597663 -0.479467 0.642580
vn 0.169759 -0.142228 0.975168
vn -0.511509 0.500646 0.698364
vn -0.707454 0.706758 0.001535
vn -0.503520 0.492292 -0.710011
vn 0.190271 -0.161643 -0.968333
vn 0.670611 -0.741757 0.008765
vn 0.509625 -0.569575 -0.644878
vn 0.496568 -0.565445 0.658553
vn 0.123272 -0.154384 0.980291
vn -0.460806 0.555993 0.691758
vn -0.626561 0.779369 0.002377
vn -0.447931 0.555859 -0.700270
vn 0.148557 -0.165763 -0.974912
vn 0.579782 -0.814687 0.011746
vn 0.443275 -0.607040 -0.659553
vn 0.412750 -0.616120 0.670845
vn 0.079409 -0.167155 0.982728
vn -0.423117 0.590156 0.687523
vn -0.554160 0.832401 0.003800
vn -0.392625 0.609947 -0.688339
vn 0.125531 -0.150362 -0.980629
vn 0.532683 -0.846272 0.008540
vn 0.407977 -0.597422 -0.690393
vn 0.354681 -0.630672 0.690257
vn 0.319261 -0.662117 0.677992
vn 0.489481 -0.872014 -0.000163
vn 0.391113 -0.602962 -0.695318
vn 0.037431 -0.156850 0.986913
vn -0.408639 0.623968 0.666091
vn -0.304304 0.639878 0.705660
vn 0.059129 -0.198816 0.978251
vn -0.505894 0.862595 0.001082
vn -0.354570 0.658771 -0.663551
vn -0.214701 0.686610 -0.694601
vn -0.392060 0.919930 -0.004264
vn 0.111240 -0.101588 -0.988588
vn 0.161543 -0.107984 -0.980940
vn 0.424787 -0.905253 0.008514
vn 0.412236 -0.628536 -0.659548
vn 0.325520 -0.688883 0.647670
vn 0.571364 -0.616677 0.541528
vn 0.650648 -0.759326 0.008956
vn 0.636845 -0.569511 -0.519698
vn 0.313101 -0.286612 0.905440
vn 0.502676 0.373473 0.779638
vn 0.471844 0.881591 0.012653
vn 0.627237 0.378067 -0.680910
vn 0.451562 -0.219697 -0.864769
s 1
g Cup cups
usemtl aiStandardSurface1SG
f 38/53/1 235/294/2 364/176/3 237/296/4
f 235/294/2 39/54/5 236/295/6 364/176/3
f 39/54/5 238/297/7 365/177/8 236/295/6
f 238/297/7 40/55/9 239/298/10 365/177/8
f 40/55/9 240/299/11 366/178/12 239/298/10
f 240/299/11 41/56/13 241/300/14 366/178/12
f 41/56/13 242/301/15 367/179/16 241/300/14
f 242/301/15 42/57/17 243/302/18 367/179/16
f 42/57/17 244/303/19 368/180/20 243/302/18
f 244/303/19 43/58/21 245/304/22 368/180/20
f 43/58/21 246/305/23 369/181/24 245/304/22
f 246/305/23 44/59/25 247/306/26 369/181/24
f 44/59/25 248/307/27 370/182/28 247/306/26
f 248/307/27 45/60/29 249/308/30 370/182/28
f 46/61/31 250/309/32 235/294/2 38/53/1
f 250/309/32 47/62/33 39/54/5 235/294/2
f 39/54/5 47/62/33 251/310/34 238/297/7
f 251/310/34 48/63/35 40/55/9 238/297/7
f 40/55/9 48/63/35 252/311/36 240/299/11
f 252/311/36 49/64/37 41/56/13 240/299/11
f 41/56/13 49/64/37 253/312/38 242/301/15
f 253/312/38 50/65/39 42/57/17 242/301/15
f 42/57/17 50/65/39 254/313/40 244/303/19
f 254/313/40 51/66/41 43/58/21 244/303/19
f 43/58/21 51/66/41 255/314/42 246/305/23
f 255/314/42 52/67/43 44/59/25 246/305/23
f 44/59/25 52/67/43 256/315/44 248/307/27
f 256/315/44 53/68/45 45/60/29 248/307/27
f 54/69/46 257/316/47 250/309/32 46/61/31
f 257/316/47 55/70/48 47/62/33 250/309/32
f 47/62/33 55/70/48 258/317/49 251/310/34
f 258/317/49 56/71/50 48/63/35 251/310/34
f 48/63/35 56/71/50 259/318/51 252/311/36
f 259/318/51 57/72/52 49/64/37 252/311/36
f 49/64/37 57/72/52 260/319/53 253/312/38
f 260/319/53 58/73/54 50/65/39 253/312/38
f 50/65/39 58/73/54 261/320/55 254/313/40
f 261/320/55 59/74/56 51/66/41 254/313/40
f 51/66/41 59/74/56 262/321/57 255/314/42
f 262/321/57 60/75/58 52/67/43 255/314/42
f 52/67/43 60/75/58 263/322/59 256/315/44
f 263/322/59 61/76/60 53/68/45 256/315/44
f 62/77/61 264/323/62 371/183/63 266/325/64
f 264/323/62 63/78/65 265/324/66 371/183/63
f 371/183/63 265/324/66 55/70/48 257/316/47
f 266/325/64 371/183/63 257/316/47 54/69/46
f 63/78/65 267/326/67 372/184/68 265/324/66
f 267/326/67 64/79/69 268/327/70 372/184/68
f 372/184/68 268/327/70 56/71/50 258/317/49
f 265/324/66 372/184/68 258/317/49 55/70/48
f 64/79/69 269/328/71 373/185/72 268/327/70
f 269/328/71 65/80/73 270/329/74 373/185/72
f 373/185/72 270/329/74 57/72/52 259/318/51
f 268/327/70 373/185/72 259/318/51 56/71/50
f 65/80/73 271/330/75 374/186/76 270/329/74
f 271/330/75 66/81/77 272/331/78 374/186/76
f 374/186/76 272/331/78 58/73/54 260/319/53
f 270/329/74 374/186/76 260/319/53 57/72/52
f 66/81/77 273/332/79 375/187/80 272/331/78
f 273/332/79 67/82/81 274/333/82 375/187/80
f 375/187/80 274/333/82 59/74/56 261/320/55
f 272/331/78 375/187/80 261/320/55 58/73/54
f 67/82/81 275/334/83 376/188/84 274/333/82
f 275/334/83 68/83/85 276/335/86 376/188/84
f 376/188/84 276/335/86 60/75/58 262/321/57
f 274/333/82 376/188/84 262/321/57 59/74/56
f 68/83/85 277/336/87 377/189/88 276/335/86
f 277/336/87 69/84/89 278/337/90 377/189/88
f 377/189/88 278/337/90 61/76/60 263/322/59
f 276/335/86 377/189/88 263/322/59 60/75/58
f 280/339/91 378/190/92 264/323/62 62/77/61
f 264/323/62 378/190/92 279/338/93 63/78/65
f 63/78/65 279/338/93 379/191/94 267/326/67
f 267/326/67 379/191/94 281/340/95 64/79/69
f 64/79/69 281/340/95 380/192/96 269/328/71
f 269/328/71 380/192/96 282/341/97 65/80/73
f 65/80/73 282/341/97 381/193/98 271/330/75
f 271/330/75 381/193/98 283/342/99 66/81/77
f 66/81/77 283/342/99 382/194/100 273/332/79
f 273/332/79 382/194/100 284/343/101 67/82/81
f 67/82/81 284/343/101 383/195/102 275/334/83
f 275/334/83 383/195/102 285/344/103 68/83/85
f 68/83/85 285/344/103 384/196/104 277/336/87
f 277/336/87 384/196/104 286/345/105 69/84/89
f 378/190/92 280/339/91 287/346/106 385/197/107
f 279/338/93 378/190/92 385/197/107 288/348/108
f 379/191/94 279/338/93 288/349/108 386/198/109
f 281/340/95 379/191/94 386/198/109 289/350/110
f 380/192/96 281/340/95 289/351/110 387/199/111
f 282/341/97 380/192/96 387/199/111 290/352/112
f 381/193/98 282/341/97 290/353/112 388/200/113
f 283/342/99 381/193/98 388/200/113 291/354/114
f 382/194/100 283/342/99 291/355/114 389/201/115
f 284/343/101 382/194/100 389/201/115 292/356/116
f 383/195/102 284/343/101 292/357/116 390/202/117
f 285/344/103 383/195/102 390/202/117 293/358/118
f 384/196/104 285/344/103 293/359/118 391/203/119
f 286/345/105 384/196/104 391/203/119 294/360/120
s 3
f 385/197/121 287/346/122 295/362/123 392/204/124
f 288/348/125 385/197/121 392/204/124 296/364/126
f 386/198/127 288/349/125 296/365/126 393/205/128
f 289/350/129 386/198/127 393/205/128 297/366/130
f 387/199/131 289/351/129 297/367/130 394/206/132
f 290/352/133 387/199/131 394/206/132 298/368/134
f 388/200/135 290/353/133 298/369/134 395/207/136
f 291/354/137 388/200/135 395/207/136 299/370/138
f 389/201/139 291/355/137 299/371/138 396/208/140
f 292/356/141 389/201/139 396/208/140 300/372/142
f 390/202/143 292/357/141 300/373/142 397/209/144
f 293/358/145 390/202/143 397/209/144 301/374/146
f 391/203/147 293/359/145 301/375/146 398/210/148
f 294/360/149 391/203/147 398/210/148 302/376/150
s 4
f 392/204/151 295/362/152 25/25/153
f 296/364/154 392/204/151 25/25/153
f 393/205/155 296/365/154 25/34/153
f 297/366/156 393/205/155 25/34/153
f 394/206/157 297/367/156 25/33/153
f 298/368/158 394/206/157 25/33/153
f 395/207/159 298/369/158 25/32/153
f 299/370/160 395/207/159 25/32/153
f 396/208/161 299/371/160 25/31/153
f 300/372/162 396/208/161 25/31/153
f 397/209/163 300/373/162 25/30/153
f 301/374/164 397/209/163 25/30/153
f 398/210/165 301/375/164 25/29/153
f 302/376/166 398/210/165 25/29/153
s 1
f 399/211/167 304/379/168 305/381/169 400/212/170
f 303/378/171 399/211/167 400/212/170 306/382/172
s 3
f 399/211/173 303/378/174 311/387/175 401/213/176
f 304/379/177 399/211/173 401/213/176 312/388/178
s 1
f 400/212/170 305/381/169 70/85/179 307/383/180
f 306/382/172 400/212/170 307/383/180 71/86/181
f 75/90/182 337/423/183 417/229/184 338/424/185
f 74/89/186 314/391/187 402/214/188 313/390/189
f 77/92/190 309/385/191 310/386/192 79/94/193
f 309/385/191 76/91/194 78/93/195 310/386/192
s 4
f 401/213/196 311/387/197 25/28/153
f 312/388/198 401/213/196 25/28/153
s 1
f 45/60/29 313/390/189 402/214/188 249/308/30
f 45/60/29 53/68/45 315/392/199 313/390/189
f 53/68/45 61/76/60 316/393/200 315/392/199
f 316/393/200 78/93/195 76/91/194 315/392/199
f 69/84/89 317/394/201 403/215/202 278/337/90
f 317/394/201 71/86/181 318/395/203 403/215/202
f 403/215/202 318/395/203 78/93/195 316/393/200
f 278/337/90 403/215/202 316/393/200 61/76/60
f 69/84/89 286/345/105 404/216/204 317/394/201
f 317/394/201 404/216/204 306/382/172 71/86/181
f 404/216/204 286/345/105 294/361/120 405/217/205
f 303/378/171 306/382/172 404/216/204 405/217/205
s 3
f 405/217/206 294/361/149 302/377/150 406/218/207
f 311/387/175 303/378/174 405/217/206 406/218/207
s 4
f 406/218/208 302/377/166 25/28/153
f 25/28/153 311/387/197 406/218/208
s 1
f 407/219/209 320/398/210 321/399/211 408/220/212
f 319/396/213 407/219/209 408/220/212 322/400/214
s 3
f 407/219/215 319/396/216 331/416/217 411/223/218
f 320/398/219 407/219/215 411/223/218 332/418/220
s 1
f 408/220/212 321/399/211 80/95/221 323/402/222
f 322/400/214 408/220/212 323/402/222 81/96/223
f 409/221/224 324/404/225 82/99/226 325/406/227
f 326/408/228 409/221/224 325/406/227 83/102/229
f 83/102/229 325/407/227 327/409/230 85/106/231
f 325/407/227 82/101/226 84/103/232 327/409/230
f 85/106/231 327/410/230 328/411/233 87/110/234
f 327/410/230 84/105/232 86/107/235 328/411/233
f 87/110/234 328/412/233 410/222/236 330/415/237
f 328/412/233 86/109/235 329/413/238 410/222/236
f 410/222/236 329/413/238 81/97/223 323/403/222
f 330/415/237 410/222/236 323/403/222 80/95/221
s 4
f 411/223/239 331/416/240 25/26/153
f 332/418/241 411/223/239 25/26/153
s 1
f 83/102/229 333/419/242 412/224/243 326/408/228
f 333/419/242 38/53/1 237/296/4 412/224/243
f 83/102/229 85/106/231 334/420/244 333/419/242
f 334/420/244 46/61/31 38/53/1 333/419/242
f 85/106/231 87/110/234 335/421/245 334/420/244
f 335/421/245 54/69/46 46/61/31 334/420/244
f 80/95/221 336/422/246 413/225/247 330/415/237
f 336/422/246 62/77/61 266/325/64 413/225/247
f 413/225/247 266/325/64 54/69/46 335/421/245
f 330/415/237 413/225/247 335/421/245 87/110/234
f 80/95/221 321/399/211 414/226/248 336/422/246
f 336/422/246 414/226/248 280/339/91 62/77/61
f 414/226/248 321/399/211 320/398/210 415/227/249
f 287/347/106 280/339/91 414/226/248 415/227/249
s 3
f 415/227/250 320/398/219 332/418/220 416/228/251
f 295/363/123 287/347/122 415/227/250 416/228/251
s 4
f 416/228/252 332/418/241 25/26/153
f 25/26/153 295/363/152 416/228/252
s 1
f 337/423/183 82/100/226 324/405/225 417/229/184
f 339/425/253 84/104/232 82/100/226 337/423/183
f 77/92/190 79/94/193 340/426/254 339/425/253
f 340/426/254 86/108/235 84/104/232 339/425/253
f 70/85/179 341/427/255 418/230/256 342/428/257
f 341/427/255 81/98/223 329/414/238 418/230/256
f 418/230/256 329/414/238 86/108/235 340/426/254
f 342/428/257 418/230/256 340/426/254 79/94/193
f 70/85/179 305/381/169 419/231/258 341/427/255
f 341/427/255 419/231/258 322/401/214 81/98/223
f 419/231/258 305/381/169 304/380/168 420/232/259
f 319/397/213 322/401/214 419/231/258 420/232/259
s 3
f 331/417/217 319/397/216 420/232/260 421/233/261
f 420/232/260 304/380/177 312/389/178 421/233/261
s 4
f 421/233/262 312/389/198 25/27/153
f 25/27/153 331/417/240 421/233/262
s 1
f 343/429/263 350/436/264 9/9/265 1/1/266
f 2/2/267 10/10/268 350/436/264 343/429/263
f 344/430/269 351/437/270 10/10/268 2/2/267
f 3/3/271 11/11/272 351/437/270 344/430/269
f 345/431/273 352/438/274 11/11/272 3/3/271
f 4/4/275 12/12/276 352/438/274 345/431/273
f 346/432/277 353/439/278 12/12/276 4/4/275
f 5/5/279 13/13/280 353/439/278 346/432/277
f 347/433/281 354/440/282 13/13/280 5/5/279
f 6/6/283 14/14/284 354/440/282 347/433/281
f 348/434/285 355/441/286 14/14/284 6/6/283
f 7/7/287 15/15/288 355/441/286 348/434/285
f 349/435/289 356/442/290 15/15/288 7/7/287
f 16/16/291 356/442/290 349/435/289 8/8/292
f 350/436/264 357/443/293 17/17/294 9/9/265
f 10/10/268 18/18/295 357/443/293 350/436/264
f 351/437/270 358/444/296 18/18/295 10/10/268
f 11/11/272 19/19/297 358/444/296 351/437/270
f 352/438/274 359/445/298 19/19/297 11/11/272
f 12/12/276 20/20/299 359/445/298 352/438/274
f 353/439/278 360/446/300 20/20/299 12/12/276
f 13/13/280 21/21/301 360/446/300 353/439/278
f 354/440/282 361/447/302 21/21/301 13/13/280
f 14/14/284 22/22/303 361/447/302 354/440/282
f 355/441/286 362/448/304 22/22/303 14/14/284
f 15/15/288 23/23/305 362/448/304 355/441/286
f 356/442/290 363/449/306 23/23/305 15/15/288
f 24/24/307 363/449/306 356/442/290 16/16/291
f 27/36/308 133/466/309 157/495/310 98/132/311
f 133/466/309 26/35/312 97/131/313 157/495/310
f 31/40/314 134/467/315 151/489/316 29/38/317
f 134/467/315 30/39/318 28/37/319 151/489/316
s 17
f 435/247/320 429/241/321 136/469/322 156/494/323
s 1
f 137/471/324 138/472/325 16/16/291 8/8/292
f 30/39/318 138/472/325 137/471/324 28/37/319
f 138/472/325 139/473/326 24/24/307 16/16/291
f 30/39/318 27/36/308 139/473/326 138/472/325
f 33/42/327 140/474/328 160/499/329 100/134/330
f 140/474/328 32/41/331 99/133/332 160/499/329
f 37/52/333 142/478/334 141/476/335 35/48/336
f 141/476/335 142/478/334 36/49/337 34/45/338
f 32/41/331 140/475/328 142/479/334 37/52/333
f 142/479/334 140/475/328 33/44/327 36/50/337
s 17
f 436/248/339 431/243/340 144/481/341 159/497/342
s 1
f 145/483/343 146/484/344 37/52/333 35/48/336
f 1/1/266 9/9/265 146/484/344 145/483/343
f 146/484/344 147/485/345 32/41/331 37/52/333
f 9/9/265 17/17/294 147/485/345 146/484/344
f 148/486/346 149/487/347 31/40/314 29/38/317
f 34/46/338 36/51/337 149/487/347 148/486/346
f 149/487/347 150/488/348 26/35/312 31/40/314
f 36/51/337 33/43/327 150/488/348 149/487/347
f 134/467/315 133/466/309 27/36/308 30/39/318
f 31/40/314 26/35/312 133/466/309 134/467/315
s 20
f 422/234/349 88/111/350 126/452/351
f 125/450/352 88/111/350 422/234/349
f 423/235/353 88/112/350 125/451/352
f 127/454/354 88/112/350 423/235/353
f 424/236/355 88/113/350 127/455/354
f 128/456/356 88/113/350 424/236/355
f 425/237/357 88/114/350 128/457/356
f 129/458/358 88/114/350 425/237/357
f 426/238/359 88/115/350 129/459/358
f 130/460/360 88/115/350 426/238/359
f 427/239/361 88/116/350 130/461/360
f 131/462/362 88/116/350 427/239/361
f 428/240/363 88/117/350 131/463/362
f 132/464/364 88/117/350 428/240/363
f 429/241/365 88/119/350 136/469/366
f 135/468/367 88/119/350 429/241/365
f 430/242/368 88/118/350 132/465/364
f 136/470/366 88/118/350 430/242/368
f 431/243/369 88/121/350 144/481/370
f 143/480/371 88/121/350 431/243/369
f 432/244/372 88/122/350 143/480/371
f 126/453/351 88/122/350 432/244/372
f 433/245/373 88/120/350 135/468/367
f 144/482/370 88/120/350 433/245/373
s 17
f 434/246/374 154/492/375 132/464/376 428/240/377
s 1
f 152/490/378 95/129/379 153/491/380 434/246/381
f 434/246/381 153/491/380 96/130/382 154/492/383
f 97/131/313 155/493/384 435/247/385 157/495/310
s 17
f 435/247/320 155/493/386 135/468/387 429/241/321
s 1
f 157/495/310 435/247/385 156/494/388 98/132/311
f 99/133/332 158/496/389 436/248/390 160/499/329
s 17
f 436/248/339 158/496/391 143/480/392 431/243/340
s 1
f 160/499/329 436/248/390 159/497/393 100/134/330
f 357/443/293 161/500/394 89/123/395 17/17/294
f 18/18/295 90/124/396 161/500/394 357/443/293
f 358/444/296 162/501/397 90/124/396 18/18/295
f 19/19/297 91/125/398 162/501/397 358/444/296
f 359/445/298 163/502/399 91/125/398 19/19/297
f 20/20/299 92/126/400 163/502/399 359/445/298
f 360/446/300 164/503/401 92/126/400 20/20/299
f 21/21/301 93/127/402 164/503/401 360/446/300
f 361/447/302 165/504/403 93/127/402 21/21/301
f 22/22/303 94/128/404 165/504/403 361/447/302
f 362/448/304 166/505/405 94/128/404 22/22/303
f 23/23/305 95/129/379 166/505/405 362/448/304
f 363/449/306 153/491/380 95/129/379 23/23/305
f 24/24/307 96/130/382 153/491/380 363/449/306
s 17
f 422/234/406 126/452/407 170/509/408 437/249/409
f 423/235/410 125/451/411 171/510/412 438/250/413
f 424/236/414 127/455/415 172/511/416 439/251/417
f 425/237/418 128/457/419 173/512/420 440/252/421
f 426/238/422 129/459/423 174/513/424 441/253/425
f 427/239/426 130/461/427 175/514/428 442/254/429
f 434/246/374 428/240/377 131/463/430 152/490/431
s 1
f 139/473/326 167/506/432 96/130/382 24/24/307
f 27/36/308 98/132/311 167/506/432 139/473/326
s 17
f 430/242/433 132/465/376 154/492/375 443/255/434
s 1
f 147/485/345 168/507/435 99/133/332 32/41/331
f 17/17/294 89/123/395 168/507/435 147/485/345
s 17
f 444/256/436 432/244/437 143/480/392 158/496/391
s 1
f 150/488/348 169/508/438 97/131/313 26/35/312
f 33/43/327 100/135/330 169/508/438 150/488/348
s 17
f 433/245/439 135/468/387 155/493/386 445/257/440
f 422/234/406 437/249/409 171/510/412 125/450/411
s 1
f 170/509/441 89/123/395 161/500/394 437/249/442
f 437/249/442 161/500/394 90/124/396 171/510/443
s 17
f 423/235/410 438/250/413 172/511/416 127/454/415
s 1
f 171/510/443 90/124/396 162/501/397 438/250/444
f 438/250/444 162/501/397 91/125/398 172/511/445
s 17
f 424/236/414 439/251/417 173/512/420 128/456/419
s 1
f 172/511/445 91/125/398 163/502/399 439/251/446
f 439/251/446 163/502/399 92/126/400 173/512/447
s 17
f 425/237/418 440/252/421 174/513/424 129/458/423
s 1
f 173/512/447 92/126/400 164/503/401 440/252/448
f 440/252/448 164/503/401 93/127/402 174/513/449
s 17
f 426/238/422 441/253/425 175/514/428 130/460/427
s 1
f 174/513/449 93/127/402 165/504/403 441/253/450
f 441/253/450 165/504/403 94/128/404 175/514/451
s 17
f 427/239/426 442/254/429 152/490/431 131/462/430
s 1
f 175/514/451 94/128/404 166/505/405 442/254/452
f 442/254/452 166/505/405 95/129/379 152/490/378
s 17
f 430/242/433 443/255/434 156/494/323 136/470/322
s 1
f 154/492/383 96/130/382 167/506/432 443/255/453
f 443/255/453 167/506/432 98/132/311 156/494/388
f 89/123/395 170/509/441 444/256/454 168/507/435
s 17
f 444/256/436 170/509/408 126/453/407 432/244/437
s 1
f 168/507/435 444/256/454 158/496/389 99/133/332
s 17
f 433/245/439 445/257/440 159/498/342 144/482/341
s 1
f 155/493/384 97/131/313 169/508/438 445/257/455
f 445/257/455 169/508/438 100/135/330 159/498/393
f 176/515/456 446/258/457 344/430/269 2/2/267
f 176/515/456 101/136/458 177/516/459 446/258/457
f 446/258/457 177/516/459 103/140/460 178/518/461
f 446/258/457 178/518/461 3/3/271 344/430/269
f 101/136/458 176/515/456 447/259/462 180/520/463
f 447/259/462 176/515/456 2/2/267 343/429/263
f 179/519/464 447/259/462 343/429/263 1/1/266
f 180/520/463 447/259/462 179/519/464 102/138/465
f 102/138/465 179/519/464 448/260/466 182/523/467
f 448/260/466 179/519/464 1/1/266 145/483/343
f 181/522/468 448/260/466 145/483/343 35/48/336
f 182/523/467 448/260/466 181/522/468 111/157/469
f 178/518/461 449/261/470 345/431/273 3/3/271
f 178/518/461 103/140/460 183/525/471 449/261/470
f 449/261/470 183/525/471 104/142/472 184/527/473
f 449/261/470 184/527/473 4/4/275 345/431/273
f 184/528/473 450/262/474 346/432/277 4/4/275
f 184/528/473 104/144/472 185/529/475 450/262/474
f 450/262/474 185/529/475 105/145/476 186/531/477
f 450/262/474 186/531/477 5/5/279 346/432/277
f 186/531/477 451/263/478 347/433/281 5/5/279
f 186/531/477 105/145/476 187/532/479 451/263/478
f 451/263/478 187/532/479 106/147/480 188/534/481
f 451/263/478 188/534/481 6/6/283 347/433/281
f 188/534/481 452/264/482 348/434/285 6/6/283
f 188/534/481 106/147/480 189/535/483 452/264/482
f 452/264/482 189/535/483 107/149/484 190/537/485
f 452/264/482 190/537/485 7/7/287 348/434/285
f 190/537/485 453/265/486 349/435/289 7/7/287
f 190/537/485 107/149/484 191/538/487 453/265/486
f 453/265/486 191/538/487 108/151/488 192/540/489
f 453/265/486 192/540/489 8/8/292 349/435/289
f 192/540/489 454/266/490 137/471/324 8/8/292
f 192/540/489 108/151/488 193/541/491 454/266/490
f 454/266/490 193/541/491 110/155/492 194/543/493
f 454/266/490 194/543/493 28/37/319 137/471/324
f 195/544/494 455/267/495 148/486/346 29/38/317
f 195/544/494 109/153/496 196/545/497 455/267/495
f 455/267/495 196/545/497 112/159/498 197/547/499
f 455/267/495 197/547/499 34/46/338 148/486/346
f 109/153/496 195/544/494 456/268/500 198/549/501
f 456/268/500 195/544/494 29/38/317 151/489/316
f 194/543/493 456/268/500 151/489/316 28/37/319
f 198/549/501 456/268/500 194/543/493 110/155/492
f 111/157/469 181/522/468 457/269/502 199/551/503
f 457/269/502 181/522/468 35/48/336 141/477/335
f 197/548/499 457/269/502 141/477/335 34/47/338
f 199/551/503 457/269/502 197/548/499 112/162/498
f 200/553/504 458/270/505 177/517/459 101/137/458
f 200/553/504 113/163/506 201/554/507 458/270/505
f 458/270/505 201/554/507 115/165/508 202/555/509
f 458/270/505 202/555/509 103/141/460 177/517/459
f 113/163/506 200/553/504 459/271/510 204/557/511
f 459/271/510 200/553/504 101/137/458 180/521/463
f 203/556/512 459/271/510 180/521/463 102/139/465
f 204/557/511 459/271/510 203/556/512 114/164/513
f 114/164/513 203/556/512 460/272/514 206/559/515
f 460/272/514 203/556/512 102/139/465 182/524/467
f 205/558/516 460/272/514 182/524/467 111/158/469
f 206/559/515 460/272/514 205/558/516 123/173/517
f 202/555/509 461/273/518 183/526/471 103/141/460
f 202/555/509 115/165/508 207/560/519 461/273/518
f 461/273/518 207/560/519 116/166/520 208/561/521
f 461/273/518 208/561/521 104/143/472 183/526/471
f 208/561/521 462/274/522 185/530/475 104/143/472
f 208/561/521 116/166/520 209/562/523 462/274/522
f 462/274/522 209/562/523 117/167/524 210/563/525
f 462/274/522 210/563/525 105/146/476 185/530/475
f 210/563/525 463/275/526 187/533/479 105/146/476
f 210/563/525 117/167/524 211/564/527 463/275/526
f 463/275/526 211/564/527 118/168/528 212/565/529
f 463/275/526 212/565/529 106/148/480 187/533/479
f 212/565/529 464/276/530 189/536/483 106/148/480
f 212/565/529 118/168/528 213/566/531 464/276/530
f 464/276/530 213/566/531 119/169/532 214/567/533
f 464/276/530 214/567/533 107/150/484 189/536/483
f 214/567/533 465/277/534 191/539/487 107/150/484
f 214/567/533 119/169/532 215/568/535 465/277/534
f 465/277/534 215/568/535 120/170/536 216/569/537
f 465/277/534 216/569/537 108/152/488 191/539/487
f 216/569/537 466/278/538 193/542/491 108/152/488
f 216/569/537 120/170/536 217/570/539 466/278/538
f 466/278/538 217/570/539 122/172/540 218/571/541
f 466/278/538 218/571/541 110/156/492 193/542/491
f 219/572/542 467/279/543 196/546/497 109/154/496
f 219/572/542 121/171/544 220/573/545 467/279/543
f 467/279/543 220/573/545 124/174/546 221/574/547
f 467/279/543 221/574/547 112/160/498 196/546/497
f 121/171/544 219/572/542 468/280/548 222/576/549
f 468/280/548 219/572/542 109/154/496 198/550/501
f 218/571/541 468/280/548 198/550/501 110/156/492
f 222/576/549 468/280/548 218/571/541 122/172/540
f 123/173/517 205/558/516 469/281/550 223/577/551
f 469/281/550 205/558/516 111/158/469 199/552/503
f 221/575/547 469/281/550 199/552/503 112/161/498
f 223/577/551 469/281/550 221/575/547 124/175/546
f 364/176/3 470/282/552 225/579/553 237/296/4
f 236/295/6 224/578/554 470/282/552 364/176/3
f 470/282/552 224/578/554 113/163/506 204/557/511
f 225/579/553 470/282/552 204/557/511 114/164/513
f 365/177/8 471/283/555 224/578/554 236/295/6
f 239/298/10 226/580/556 471/283/555 365/177/8
f 471/283/555 226/580/556 115/165/508 201/554/507
f 224/578/554 471/283/555 201/554/507 113/163/506
f 366/178/12 472/284/557 226/580/556 239/298/10
f 241/300/14 227/581/558 472/284/557 366/178/12
f 472/284/557 227/581/558 116/166/520 207/560/519
f 226/580/556 472/284/557 207/560/519 115/165/508
f 367/179/16 473/285/559 227/581/558 241/300/14
f 243/302/18 228/582/560 473/285/559 367/179/16
f 473/285/559 228/582/560 117/167/524 209/562/523
f 227/581/558 473/285/559 209/562/523 116/166/520
f 368/180/20 474/286/561 228/582/560 243/302/18
f 245/304/22 229/583/562 474/286/561 368/180/20
f 474/286/561 229/583/562 118/168/528 211/564/527
f 228/582/560 474/286/561 211/564/527 117/167/524
f 369/181/24 475/287/563 229/583/562 245/304/22
f 247/306/26 230/584/564 475/287/563 369/181/24
f 475/287/563 230/584/564 119/169/532 213/566/531
f 229/583/562 475/287/563 213/566/531 118/168/528
f 370/182/28 476/288/565 230/584/564 247/306/26
f 249/308/30 231/585/566 476/288/565 370/182/28
f 476/288/565 231/585/566 120/170/536 215/568/535
f 230/584/564 476/288/565 215/568/535 119/169/532
f 121/171/544 222/576/549 232/289/567 73/88/568
f 222/576/549 122/172/540 72/87/569 232/289/567
f 402/214/188 477/290/570 231/585/566 249/308/30
f 72/87/569 477/290/570 402/214/188 314/391/187
f 477/290/570 72/87/569 122/172/540 217/570/539
f 231/585/566 477/290/570 217/570/539 120/170/536
f 123/173/517 223/577/551 478/291/571 234/588/572
f 223/577/551 124/175/546 233/586/573 478/291/571
f 409/221/224 478/291/571 233/586/573 324/404/225
f 326/408/228 234/588/572 478/291/571 409/221/224
f 412/224/243 479/292/574 234/588/572 326/408/228
f 237/296/4 225/579/553 479/292/574 412/224/243
f 479/292/574 225/579/553 114/164/513 206/559/515
f 234/588/572 479/292/574 206/559/515 123/173/517
f 417/229/184 480/293/575 73/88/568 338/424/185
f 324/405/225 233/587/573 480/293/575 417/229/184
f 480/293/575 233/587/573 124/174/546 220/573/545
f 73/88/568 480/293/575 220/573/545 121/171/544
f 504/589/576 564/590/577 628/591/578 567/592/579
f 564/590/577 501/593/580 565/594/581 628/591/578
f 628/591/578 565/594/581 481/595/582 566/596/583
f 567/592/579 628/591/578 566/596/583 482/597/584
f 501/598/580 568/599/585 629/600/586 565/601/581
f 568/599/585 502/602/587 569/603/588 629/600/586
f 629/600/586 569/603/588 483/604/589 570/605/590
f 565/601/581 629/600/586 570/605/590 481/606/582
f 502/607/587 571/608/591 630/609/592 569/610/588
f 571/608/591 503/611/593 572/612/594 630/609/592
f 630/609/592 572/612/594 484/613/595 573/614/596
f 569/610/588 630/609/592 573/614/596 483/615/589
f 503/616/593 574/617/597 631/618/598 572/619/594
f 574/617/597 504/620/576 567/621/579 631/618/598
f 631/618/598 567/621/579 482/622/584 575/623/599
f 572/619/594 631/618/598 575/623/599 484/624/595
f 482/625/584 566/626/583 632/627/600 578/628/601
f 566/626/583 481/629/582 576/630/602 632/627/600
f 632/627/600 576/630/602 485/631/603 577/632/604
f 578/628/601 632/627/600 577/632/604 486/633/605
f 481/634/582 570/635/590 633/636/606 576/637/602
f 570/635/590 483/638/589 579/639/607 633/636/606
f 633/636/606 579/639/607 487/640/608 580/641/609
f 576/637/602 633/636/606 580/641/609 485/642/603
f 483/643/589 573/644/596 634/645/610 579/646/607
f 573/644/596 484/647/595 581/648/611 634/645/610
f 634/645/610 581/648/611 488/649/612 582/650/613
f 579/646/607 634/645/610 582/650/613 487/651/608
f 484/652/595 575/653/599 635/654/614 581/655/611
f 575/653/599 482/656/584 578/657/601 635/654/614
f 635/654/614 578/657/601 486/658/605 583/659/615
f 581/655/611 635/654/614 583/659/615 488/660/612
f 486/661/605 577/662/604 636/663/616 586/664/617
f 577/662/604 485/665/603 584/666/618 636/663/616
f 636/663/616 584/666/618 489/667/619 585/668/620
f 586/664/617 636/663/616 585/668/620 490/669/621
f 485/670/603 580/671/609 637/672/622 584/673/618
f 580/671/609 487/674/608 587/675/623 637/672/622
f 637/672/622 587/675/623 491/676/624 588/677/625
f 584/673/618 637/672/622 588/677/625 489/678/619
f 487/679/608 582/680/613 638/681/626 587/682/623
f 582/680/613 488/683/612 589/684/627 638/681/626
f 638/681/626 589/684/627 492/685/628 590/686/629
f 587/682/623 638/681/626 590/686/629 491/687/624
f 488/688/612 583/689/615 639/690/630 589/691/627
f 583/689/615 486/692/605 586/693/617 639/690/630
f 639/690/630 586/693/617 490/694/621 591/695/631
f 589/691/627 639/690/630 591/695/631 492/696/628
f 490/697/621 585/698/620 640/699/632 594/700/633
f 585/698/620 489/701/619 592/702/634 640/699/632
f 640/699/632 592/702/634 493/703/635 593/704/636
f 594/700/633 640/699/632 593/704/636 494/705/637
f 489/706/619 588/707/625 641/708/638 592/709/634
f 588/707/625 491/710/624 595/711/639 641/708/638
f 641/708/638 595/711/639 495/712/640 596/713/641
f 592/709/634 641/708/638 596/713/641 493/714/635
f 491/715/624 590/716/629 642/717/642 595/718/639
f 590/716/629 492/719/628 597/720/643 642/717/642
f 642/717/642 597/720/643 496/721/644 598/722/645
f 595/718/639 642/717/642 598/722/645 495/723/640
f 492/724/628 591/725/631 643/726/646 597/727/643
f 591/725/631 490/728/621 594/729/633 643/726/646
f 643/726/646 594/729/633 494/730/637 599/731/647
f 597/727/643 643/726/646 599/731/647 496/732/644
f 494/733/637 593/734/636 644/735/648 602/736/649
f 593/734/636 493/737/635 600/738/650 644/735/648
f 644/735/648 600/738/650 497/739/651 601/740/652
f 602/736/649 644/735/648 601/740/652 498/741/653
f 493/742/635 596/743/641 645/744/654 600/745/650
f 596/743/641 495/746/640 603/747/655 645/744/654
f 645/744/654 603/747/655 499/748/656 604/749/657
f 600/745/650 645/744/654 604/749/657 497/750/651
f 495/751/640 598/752/645 646/753/658 603/754/655
f 598/752/645 496/755/644 605/756/659 646/753/658
f 646/753/658 605/756/659 500/757/660 606/758/661
f 603/754/655 646/753/658 606/758/661 499/759/656
f 496/760/644 599/761/647 647/762/662 605/763/659
f 599/761/647 494/764/637 602/765/649 647/762/662
f 647/762/662 602/765/649 498/766/653 607/767/663
f 605/763/659 647/762/662 607/767/663 500/768/660
f 498/769/653 601/770/652 648/771/664 609/772/665
f 601/770/652 497/773/651 608/774/666 648/771/664
f 648/771/664 608/774/666 612/807/667 652/805/668
f 609/772/665 648/771/664 652/805/668 614/806/669
f 497/775/651 604/776/657 649/777/670 608/778/666
f 604/776/657 499/779/656 610/780/671 649/777/670
f 499/781/656 606/782/661 650/783/672 610/784/671
f 606/782/661 500/785/660 611/786/673 650/783/672
f 500/787/660 607/788/663 651/789/674 611/790/673
f 607/788/663 498/791/653 609/792/665 651/789/674
f 314/794/187 74/795/186 502/602/587 568/599/585
f 72/793/569 314/794/187 568/599/585 501/598/580
f 308/797/675 75/798/182 503/611/593 571/608/591
f 74/796/186 308/797/675 571/608/591 502/607/587
f 338/800/185 73/801/568 504/620/576 574/617/597
f 75/799/182 338/800/185 574/617/597 503/616/593
f 232/803/567 72/804/569 501/593/580 564/590/577
f 73/802/568 232/803/567 564/590/577 504/589/576
f 652/805/668 612/807/667 505/808/676 613/809/677
f 614/806/669 652/805/668 613/809/677 506/810/678
f 649/777/670 653/811/679 612/812/667 608/778/666
f 610/780/671 615/813/680 653/811/679 649/777/670
f 653/811/679 615/813/680 507/814/681 616/815/682
f 612/812/667 653/811/679 616/815/682 505/816/676
f 650/783/672 654/817/683 615/818/680 610/784/671
f 611/786/673 617/819/684 654/817/683 650/783/672
f 654/817/683 617/819/684 508/820/685 618/821/686
f 615/818/680 654/817/683 618/821/686 507/822/681
f 651/789/674 655/823/687 617/824/684 611/790/673
f 609/792/665 614/825/669 655/823/687 651/789/674
f 655/823/687 614/825/669 506/826/678 619/827/688
f 617/824/684 655/823/687 619/827/688 508/828/685
f 506/829/678 613/830/677 656/831/689 621/832/690
f 613/830/677 505/833/676 620/834/691 656/831/689
f 656/831/689 620/834/691 624/855/692 660/853/693
f 621/832/690 656/831/689 660/853/693 625/854/694
f 505/835/676 616/836/682 657/837/695 620/838/691
f 616/836/682 507/839/681 622/840/696 657/837/695
f 507/841/681 618/842/686 658/843/697 622/844/696
f 618/842/686 508/845/685 623/846/698 658/843/697
f 508/847/685 619/848/688 659/849/699 623/850/698
f 619/848/688 506/851/678 621/852/690 659/849/699
f 660/853/693 624/855/692 531/867/700 664/865/701
f 625/854/694 660/853/693 664/865/701 532/866/702
f 657/837/695 661/856/703 624/857/692 620/838/691
f 622/840/696 626/858/704 661/856/703 657/837/695
f 658/843/697 662/859/705 626/860/704 622/844/696
f 623/846/698 627/861/706 662/859/705 658/843/697
f 659/849/699 663/862/707 627/863/706 623/850/698
f 621/852/690 625/864/694 663/862/707 659/849/699
f 664/865/701 531/867/700 509/877/708 535/878/709
f 532/866/702 664/865/701 535/878/709 510/879/710
f 661/856/703 665/868/711 531/869/700 624/857/692
f 626/858/704 533/870/712 665/868/711 661/856/703
f 662/859/705 666/871/713 533/872/712 626/860/704
f 627/861/706 534/873/714 666/871/713 662/859/705
f 663/862/707 667/874/715 534/875/714 627/863/706
f 625/864/694 532/876/702 667/874/715 663/862/707
f 665/868/711 536/881/716 509/882/708 531/869/700
f 533/870/712 511/880/717 536/881/716 665/868/711
f 666/871/713 537/884/718 511/885/717 533/872/712
f 534/873/714 512/883/719 537/884/718 666/871/713
f 667/874/715 538/887/720 512/888/719 534/875/714
f 532/876/702 510/886/710 538/887/720 667/874/715
f 510/889/710 535/890/709 539/893/721 514/894/722
f 535/890/709 509/891/708 513/892/723 539/893/721
f 513/900/723 509/895/708 536/896/716 540/899/724
f 536/896/716 511/897/717 515/898/725 540/899/724
f 515/906/725 511/901/717 537/902/718 541/905/726
f 537/902/718 512/903/719 516/904/727 541/905/726
f 516/912/727 512/907/719 538/908/720 542/911/728
f 538/908/720 510/909/710 514/910/722 542/911/728
f 514/913/722 539/914/721 543/917/729 518/918/730
f 539/914/721 513/915/723 517/916/731 543/917/729
f 517/924/731 513/919/723 540/920/724 544/923/732
f 540/920/724 515/921/725 519/922/733 544/923/732
f 519/930/733 515/925/725 541/926/726 545/929/734
f 541/926/726 516/927/727 520/928/735 545/929/734
f 520/936/735 516/931/727 542/932/728 546/935/736
f 542/932/728 514/933/722 518/934/730 546/935/736
f 518/937/730 543/938/729 547/941/737 522/942/738
f 543/938/729 517/939/731 521/940/739 547/941/737
f 521/948/739 517/943/731 544/944/732 548/947/740
f 544/944/732 519/945/733 523/946/741 548/947/740
f 523/954/741 519/949/733 545/950/734 549/953/742
f 545/950/734 520/951/735 524/952/743 549/953/742
f 524/960/743 520/955/735 546/956/736 550/959/744
f 546/956/736 518/957/730 522/958/738 550/959/744
f 522/961/738 547/962/737 668/973/745 553/974/746
f 547/962/737 521/963/739 551/975/747 668/973/745
f 668/973/745 551/975/747 525/976/748 552/977/749
f 553/974/746 668/973/745 552/977/749 526/978/750
f 548/965/740 669/979/751 551/980/747 521/964/739
f 523/966/741 554/981/752 669/979/751 548/965/740
f 669/979/751 554/981/752 527/982/753 555/983/754
f 551/980/747 669/979/751 555/983/754 525/984/748
f 549/968/742 670/985/755 554/986/752 523/967/741
f 524/969/743 556/987/756 670/985/755 549/968/742
f 670/985/755 556/987/756 528/988/757 557/989/758
f 554/986/752 670/985/755 557/989/758 527/990/753
f 550/971/744 671/991/759 556/992/756 524/970/743
f 522/972/738 553/993/746 671/991/759 550/971/744
f 671/991/759 553/993/746 526/994/750 558/995/760
f 556/992/756 671/991/759 558/995/760 528/996/757
f 526/997/750 552/998/749 672/999/761 561/1000/762
f 552/998/749 525/1001/748 559/1002/763 672/999/761
f 672/999/761 559/1002/763 529/1003/764 560/1004/765
f 561/1000/762 672/999/761 560/1004/765 530/1005/766
f 525/1006/748 555/1007/754 673/1008/767 559/1009/763
f 555/1007/754 527/1010/753 562/1011/768 673/1008/767
f 673/1008/767 562/1011/768 78/1012/195 318/1013/203
f 559/1009/763 673/1008/767 318/1013/203 529/1014/764
f 527/1015/753 557/1016/758 674/1017/769 562/1018/768
f 557/1016/758 528/1019/757 563/1020/770 674/1017/769
f 674/1017/769 563/1020/770 79/1021/193 310/1022/192
f 562/1018/768 674/1017/769 310/1022/192 78/1023/195
f 528/1024/757 558/1025/760 675/1026/771 563/1027/770
f 558/1025/760 526/1028/750 561/1029/762 675/1026/771
f 675/1026/771 561/1029/762 530/1030/766 342/1031/257
f 563/1027/770 675/1026/771 342/1031/257 79/1032/193
f 318/1033/203 71/1034/181 529/1035/764
f 529/1041/764 71/1036/181 307/1037/180 560/1040/765
f 307/1037/180 70/1038/179 530/1039/766 560/1040/765
f 530/1044/766 70/1042/179 342/1043/257
f 315/392/199 76/91/194 74/89/186 313/390/189
f 308/384/675 74/89/186 76/91/194 309/385/191
f 75/90/182 308/384/675 309/385/191 77/92/190
f 337/423/183 75/90/182 77/92/190 339/425/253
g default
v -16.418482 -1.641796 -6.457540
v 29.422155 0.641539 -21.352065
v 22.575920 0.641530 -34.788615
v 31.781193 0.641540 -6.457540
v 11.912616 0.641526 -45.451931
v -1.523952 0.641530 -52.298199
v -16.418480 0.641527 -54.657258
v -31.313006 0.641539 -52.298170
v -44.749564 0.641536 -45.451902
v -55.412822 0.641549 -34.788603
v -62.259102 0.641538 -21.352077
v -64.618165 0.641539 -6.457540
v -62.259102 0.641539 8.436985
v -55.412855 0.641532 21.873528
v -44.749543 0.641540 32.536819
v -31.313010 0.641527 39.383099
v -16.418482 0.641529 41.742162
v -1.523966 0.641530 39.383099
v 11.912579 0.641540 32.536819
v 22.575870 0.641540 21.873520
v 29.422163 0.641526 8.436981
v 21.716518 -0.790475 -18.848352
v 16.021088 -0.790475 -30.026263
v 23.679004 -0.790475 -6.457541
v 7.150242 -0.790475 -38.897103
v -4.027669 -0.790475 -44.592537
v -16.418482 -0.790475 -46.555044
v -28.809295 -0.790475 -44.592533
v -39.987204 -0.790475 -38.897103
v -48.858037 -0.790475 -30.026255
v -54.553469 -0.790475 -18.848348
v -56.515977 -0.790475 -6.457540
v -54.553469 -0.790475 5.933265
v -48.858037 -0.790475 17.111178
v -39.987196 -0.790475 25.982012
v -28.809289 -0.790475 31.677446
v -16.418483 -0.790475 33.639945
v -4.027678 -0.790475 31.677442
v 7.150228 -0.790475 25.982012
v 16.021067 -0.790475 17.111170
v 21.716501 -0.790475 5.933263
v 21.734318 0.044142 -18.854138
v 16.036231 0.044142 -30.037271
v 23.697724 0.044142 -6.457541
v 7.161250 0.044142 -38.912246
v 21.734294 0.044142 5.939051
v -4.021884 0.044142 -44.610334
v -16.418482 0.044142 -46.573756
v -28.815080 0.044142 -44.610334
v -39.998206 0.044142 -38.912246
v -48.873182 0.044142 -30.037261
v -54.571270 0.044142 -18.854131
v -56.534696 0.044142 -6.457540
v -54.571270 0.044142 5.939053
v -48.873182 0.044142 17.122178
v -39.998202 0.044142 25.997153
v -28.815074 0.044142 31.695242
v -16.418483 0.044142 33.658669
v -4.021893 0.044142 31.695242
v 7.161236 0.044142 25.997153
v 16.036212 0.044142 17.122176
v 36.127532 3.370319 -23.530776
v 28.279838 3.370320 -38.932768
v 38.831639 3.370319 -6.457540
v 16.056743 3.370320 -51.155845
v 0.654754 3.370320 -59.003551
v -16.418480 3.370320 -61.707683
v -33.491716 3.370320 -59.003543
v -48.893696 3.370320 -51.155837
v -61.116777 3.370319 -38.932750
v -68.964475 3.370319 -23.530765
v -71.668611 3.370320 -6.457538
v -68.964475 3.370319 10.615692
v -61.116769 3.370319 26.017675
v -48.893692 3.370320 38.240750
v -33.491708 3.370320 46.088452
v -16.418482 3.370320 48.792596
v 0.654748 3.370320 46.088452
v 16.056726 3.370319 38.240750
v 28.279809 3.370319 26.017671
v 36.127512 3.370320 10.615690
v 36.109023 3.664136 -23.524762
v 35.513979 3.856941 -23.331420
v 27.757919 3.856941 -38.553571
v 28.264085 3.664137 -38.921330
v 38.812182 3.664136 -6.457540
v 38.186510 3.856941 -6.457539
v 15.677547 3.856941 -50.633934
v 16.045304 3.664137 -51.140105
v 0.455399 3.856941 -58.389999
v 0.648740 3.664137 -58.985034
v -16.418480 3.856941 -61.062554
v -16.418480 3.664137 -61.688222
v -33.292355 3.856941 -58.389990
v -33.485700 3.664137 -58.985034
v -48.514503 3.856941 -50.633917
v -48.882260 3.664137 -51.140096
v -60.594854 3.856941 -38.553559
v -61.101037 3.664136 -38.921315
v -68.350923 3.856941 -23.331410
v -68.945974 3.664136 -23.524751
v -71.023483 3.856941 -6.457538
v -71.649150 3.664137 -6.457538
v -68.350931 3.856941 10.416333
v -68.945974 3.664136 10.609679
v -60.594854 3.856941 25.638476
v -61.101025 3.664136 26.006236
v -48.514491 3.856941 37.718830
v -48.882252 3.664137 38.225009
v -33.292352 3.856941 45.474895
v -33.485694 3.664137 46.069938
v -16.418482 3.856941 48.147463
v -16.418482 3.664138 48.773131
v 0.455389 3.856941 45.474895
v 0.648732 3.664137 46.069938
v 15.677531 3.856941 37.718830
v 16.045290 3.664136 38.225009
v 27.757890 3.856941 25.638471
v 28.264065 3.664136 26.006236
v 35.513955 3.856941 10.416331
v 36.108998 3.664137 10.609676
v -0.772075 -0.370196 -17.825324
v 1.974970 -0.370196 -12.433940
v -5.050705 -0.370196 -22.103950
v -10.442088 -0.370196 -24.850995
v -16.418484 -0.370196 -25.797566
v -22.394879 -0.370196 -24.850993
v -27.786261 -0.370196 -22.103946
v -32.064886 -0.370196 -17.825319
v -34.811932 -0.370196 -12.433936
v -35.758503 -0.370196 -6.457543
v -34.811930 -0.370196 -0.481149
v -32.064886 -0.370196 4.910230
v -27.786259 -0.370196 9.188853
v -22.394877 -0.370196 11.935902
v -16.418485 -0.370196 12.882473
v -10.442093 -0.370196 11.935902
v -5.050714 -0.370196 9.188854
v -0.772088 -0.370196 4.910230
v 1.974958 -0.370196 -0.481152
v 2.921531 -0.370196 -6.457545
v -9.484635 -1.204468 -11.495279
v -16.418482 -1.204463 -6.457540
v -8.267256 -1.204468 -9.106039
v -11.380749 -1.204469 -13.391392
v -13.769989 -1.204469 -14.608769
v -16.418483 -1.204469 -15.028253
v -19.066979 -1.204469 -14.608768
v -21.456220 -1.204469 -13.391389
v -23.352331 -1.204469 -11.495277
v -24.569709 -1.204469 -9.106035
v -24.989194 -1.204469 -6.457542
v -24.569709 -1.204469 -3.809049
v -23.352329 -1.204469 -1.419808
v -21.456217 -1.204469 0.476304
v -19.066977 -1.204469 1.693682
v -16.418484 -1.204469 2.113166
v -13.769991 -1.204469 1.693684
v -11.380750 -1.204469 0.476304
v -9.484639 -1.204469 -1.419807
v -8.267259 -1.204469 -3.809049
v -7.847777 -1.204469 -6.457543
v -44.769518 -0.790477 21.893492
v -34.620966 -0.790477 29.266847
v -22.690631 -0.790477 33.143243
v -10.146335 -0.790477 33.143243
v 1.783998 -0.790477 29.266843
v 11.932548 -0.790477 21.893492
v 19.305894 -0.790477 11.744943
v 14.351002 -2.022422 -28.812879
v 19.753215 -2.022422 -18.210439
v 21.614674 -2.022422 -6.457542
v 5.936860 -2.022422 -37.227024
v -4.665585 -2.022422 -42.629234
v -16.418482 -2.022421 -44.490705
v -28.171379 -2.022421 -42.629234
v -38.773820 -2.022421 -37.227018
v -47.187958 -2.022421 -28.812875
v -52.590170 -2.022421 -18.210434
v -54.451642 -2.022421 -6.457540
v -52.590170 -2.022421 5.295352
v -47.187954 -2.022421 15.897788
v -38.773812 -2.022421 24.311933
v -28.171375 -2.022421 29.714147
v -16.418484 -2.022421 31.575614
v -4.665593 -2.022421 29.714139
v 5.936841 -2.022421 24.311933
v 14.350988 -2.022421 15.897788
v 19.753190 -2.022421 5.295352
v 36.020513 3.134519 -23.496002
v 38.147258 3.370322 -15.099904
v 38.719110 3.134519 -6.457540
v 28.188803 3.134519 -38.866627
v 32.805999 3.370321 -31.538661
v 15.990604 3.134519 -51.064809
v 22.646283 3.370321 -45.522298
v 38.147237 3.370321 2.184823
v 36.020492 3.134519 10.580917
v 0.619981 3.134519 -58.896532
v 8.662639 3.370321 -55.682002
v -16.418480 3.134519 -61.595159
v -7.776116 3.370321 -61.023285
v -33.456940 3.134519 -58.896524
v -25.060845 3.370321 -61.023285
v -48.827555 3.134519 -51.064797
v -41.499597 3.370321 -55.682002
v -61.025734 3.134519 -38.866606
v -55.483230 3.370321 -45.522290
v -68.857452 3.134519 -23.495995
v -65.642934 3.370321 -31.538652
v -71.556083 3.134519 -6.457538
v -70.984214 3.370321 -15.099899
v -68.857452 3.134519 10.580919
v -70.984214 3.370321 2.184825
v -61.025734 3.134519 25.951530
v -65.642934 3.370321 18.623578
v -48.827547 3.134519 38.149710
v -55.483230 3.370321 32.607207
v -33.456936 3.134519 45.981433
v -41.499589 3.370321 42.766911
v -16.418482 3.134519 48.680072
v -25.060842 3.370321 48.108186
v 0.619972 3.134519 45.981433
v -7.776121 3.370321 48.108186
v 15.990583 3.134519 38.149710
v 8.662629 3.370321 42.766911
v 28.188770 3.134519 25.951528
v 22.646266 3.370321 32.607207
v 32.805966 3.370321 18.623573
v 35.990350 3.916903 -23.486203
v 37.510107 3.856941 -14.998992
v 38.687399 3.916903 -6.457540
v 38.128027 3.664138 -15.096858
v 32.788660 3.664136 -31.529826
v 28.163140 3.916903 -38.847986
v 32.231221 3.856941 -31.245803
v 22.632520 3.664136 -45.508539
v 15.971962 3.916903 -51.039151
v 22.190140 3.856941 -45.066155
v 37.510098 3.856941 2.083910
v 35.990325 3.916903 10.571116
v 38.128015 3.664137 2.181780
v 8.653805 3.664136 -55.664663
v 0.610180 3.916903 -58.866361
v 8.369782 3.856941 -55.107232
v -7.779161 3.664136 -61.004063
v -16.418480 3.916903 -61.563439
v -7.877029 3.856941 -60.386134
v -25.057801 3.664136 -61.004063
v -33.447140 3.916903 -58.866361
v -24.959931 3.856941 -60.386130
v -41.490762 3.664137 -55.664663
v -48.808914 3.916903 -51.039142
v -41.206732 3.856941 -55.107224
v -55.469472 3.664137 -45.508527
v -61.000083 3.916903 -38.847965
v -55.027079 3.856941 -45.066147
v -65.625595 3.664136 -31.529816
v -68.827298 3.916903 -23.486193
v -65.068156 3.856941 -31.245787
v -70.964987 3.664137 -15.096855
v -71.524371 3.916903 -6.457538
v -70.347058 3.856941 -14.998986
v -70.964987 3.664137 2.181780
v -68.827298 3.916903 10.571118
v -70.347058 3.856941 2.083910
v -65.625595 3.664136 18.614741
v -61.000083 3.916903 25.932892
v -65.068156 3.856941 18.330708
v -55.469463 3.664137 32.593444
v -48.808903 3.916903 38.124064
v -55.027079 3.856941 32.151060
v -41.490754 3.664137 42.749571
v -33.447135 3.916903 45.951266
v -41.206727 3.856941 42.192128
v -25.057798 3.664137 48.088964
v -16.418482 3.916903 48.648351
v -24.959929 3.856941 47.471039
v -7.779165 3.664137 48.088968
v 0.610172 3.916903 45.951266
v -7.877035 3.856941 47.471039
v 8.653794 3.664136 42.749571
v 15.971942 3.916903 38.124064
v 8.369764 3.856941 42.192128
v 22.632495 3.664137 32.593448
v 28.163115 3.916903 25.932888
v 22.190119 3.856941 32.151060
v 32.788627 3.664137 18.614737
v 32.231188 3.856941 18.330708
v 34.314737 3.498799 -22.941761
v 26.737777 3.498799 -37.812396
v 36.925555 3.498799 -6.457539
v 14.936377 3.498799 -49.613788
v 0.065739 3.498799 -57.190744
v -16.418480 3.498799 -59.801599
v -32.902701 3.498799 -57.190744
v -47.773326 3.498799 -49.613780
v -59.574712 3.498799 -37.812379
v -67.151676 3.498799 -22.941754
v -69.762523 3.498799 -6.457538
v -67.151681 3.498799 10.026678
v -59.574712 3.498799 24.897301
v -47.773322 3.498799 36.698685
v -32.902697 3.498799 44.275653
v -16.418482 3.498799 46.886503
v 0.065733 3.498799 44.275661
v 14.936354 3.498799 36.698685
v 26.737744 3.498799 24.897299
v 34.314712 3.498799 10.026678
v -2.744073 -0.370196 -20.131954
v 0.812279 -0.370196 -15.237056
v 2.681957 -0.370196 -9.482758
v -7.638973 -0.370196 -23.688303
v -13.393270 -0.370196 -25.557990
v -19.443698 -0.370196 -25.557990
v -25.197996 -0.370196 -23.688301
v -30.092892 -0.370196 -20.131951
v -33.649243 -0.370196 -15.237054
v -35.518929 -0.370196 -9.482755
v -35.518929 -0.370196 -3.432330
v -33.649241 -0.370196 2.321968
v -30.092890 -0.370196 7.216862
v -25.197992 -0.370196 10.773212
v -19.443697 -0.370196 12.642901
v -13.393274 -0.370196 12.642897
v -7.638977 -0.370196 10.773212
v -2.744079 -0.370196 7.216862
v 0.812270 -0.370196 2.321963
v 2.681955 -0.370196 -3.432332
v -8.782509 -1.204468 -10.348266
v -10.358539 -1.204468 -12.517486
v -12.527761 -1.204468 -14.093515
v -15.077832 -1.204468 -14.922085
v -17.759135 -1.204468 -14.922083
v -20.309206 -1.204468 -14.093513
v -22.478426 -1.204468 -12.517484
v -24.054454 -1.204468 -10.348263
v -24.883025 -1.204468 -7.798193
v -24.883026 -1.204468 -5.116891
v -24.054455 -1.204468 -2.566820
v -22.478425 -1.204468 -0.397603
v -20.309206 -1.204468 1.178427
v -17.759135 -1.204468 2.006997
v -15.077833 -1.204468 2.006997
v -12.527763 -1.204468 1.178427
v -10.358543 -1.204468 -0.397602
v -8.782515 -1.204468 -2.566819
v -7.953944 -1.204468 -5.116892
v -7.953942 -1.204468 -7.798195
v 20.565445 -0.370192 -18.474348
v 15.041933 -0.370192 -29.314866
v 22.468707 -0.370192 -6.457541
v 6.438848 -0.370192 -37.917948
v -4.401675 -0.370192 -43.441468
v -16.418482 -0.370192 -45.344738
v -28.435288 -0.370192 -43.441468
v -39.275804 -0.370192 -37.917948
v -47.878885 -0.370192 -29.314864
v -53.402405 -0.370192 -18.474345
v -55.305679 -0.370192 -6.457540
v -53.402405 -0.370192 5.559264
v -47.878885 -0.370192 16.399777
v -39.275802 -0.370192 25.002859
v -28.435285 -0.370192 30.526377
v -16.418483 -0.370192 32.429647
v -4.401683 -0.370192 30.526377
v 6.438830 -0.370192 25.002859
v 15.041917 -0.370192 16.399777
v 20.565432 -0.370192 5.559262
v -2.932492 -1.204463 -16.255690
v -0.564753 -1.204463 -11.608735
v -6.620339 -1.204463 -19.943536
v -11.267294 -1.204463 -22.311274
v -16.418484 -1.204463 -23.127149
v -21.569675 -1.204463 -22.311272
v -26.216630 -1.204463 -19.943532
v -29.904474 -1.204463 -16.255687
v -32.272215 -1.204463 -11.608732
v -33.088090 -1.204463 -6.457543
v -32.272215 -1.204463 -1.306355
v -29.904472 -1.204463 3.340599
v -26.216627 -1.204463 7.028441
v -21.569672 -1.204463 9.396182
v -16.418486 -1.204463 10.212058
v -11.267298 -1.204463 9.396182
v -6.620345 -1.204463 7.028441
v -2.932500 -1.204463 3.340599
v -0.564759 -1.204463 -1.306356
v 0.251113 -1.204463 -6.457545
v 31.276823 2.619208 -21.954683
v 24.153570 2.619208 -35.934863
v 33.731306 2.619208 -6.457540
v 13.058841 2.619208 -47.029582
v -0.921337 2.619208 -54.152834
v -16.418481 2.619208 -56.607342
v -31.915623 2.619208 -54.152834
v -45.895791 2.619208 -47.029573
v -56.990514 2.619208 -35.934850
v -64.113766 2.619208 -21.954676
v -66.568274 2.619208 -6.457539
v -64.113766 2.619208 9.039597
v -56.990514 2.619208 23.019767
v -45.895787 2.619208 34.114494
v -31.915620 2.619208 41.237747
v -16.418482 2.619208 43.692255
v -0.921347 2.619208 41.237747
v 13.058819 2.619208 34.114494
v 24.153546 2.619208 23.019767
v 31.276806 2.619208 9.039597
v 19.322599 0.044140 -24.668530
v 23.200796 0.044140 -12.732619
v 11.945799 0.044140 -34.821819
v 23.200784 0.044140 -0.182464
v 1.792509 0.044140 -42.198618
v -10.143403 0.044140 -46.076824
v -22.693561 0.044140 -46.076824
v -34.629471 0.044140 -42.198618
v -44.782759 0.044140 -34.821815
v -52.159550 0.044140 -24.668524
v -56.037764 0.044140 -12.732617
v -56.037764 0.044140 -0.182463
v -52.159550 0.044140 11.753443
v -44.782755 0.044140 21.906728
v -34.629467 0.044140 29.283523
v -22.693559 0.044140 33.161736
v -10.143407 0.044140 33.161728
v 1.792497 0.044140 29.283523
v 11.945779 0.044140 21.906728
v 19.322578 0.044140 11.753443
v 26.524472 0.641606 -28.338081
v 31.184143 0.641602 -13.997055
v 17.661255 0.641606 -40.537250
v 5.462051 0.641609 -49.400483
v -8.878962 0.641613 -54.060154
v -23.957991 0.641613 -54.060154
v -38.299007 0.641610 -49.400483
v -50.498178 0.641606 -40.537266
v -59.361415 0.641609 -28.338062
v -64.021086 0.641613 -13.997051
v -64.021086 0.641614 1.081966
v -59.361415 0.641608 15.422981
v -50.498178 0.641605 27.622183
v -38.299013 0.641606 36.485387
v -23.957995 0.641613 41.145051
v -8.878970 0.641612 41.145051
v 5.462034 0.641609 36.485387
v 17.661235 0.641605 27.622159
v 26.524463 0.641601 15.422981
v 31.184143 0.641597 1.081970
v 19.305923 -0.790475 -24.660034
v 23.182311 -0.790475 -12.729691
v 11.932566 -0.790475 -34.808588
v 23.182299 -0.790475 -0.185393
v 1.784010 -0.790475 -42.181942
v -10.146331 -0.790475 -46.058339
v -22.690634 -0.790475 -46.058339
v -34.620974 -0.790475 -42.181938
v -44.769524 -0.790475 -34.808581
v -52.142874 -0.790475 -24.660028
v -56.019279 -0.790475 -12.729688
v -56.019279 -0.790475 -0.185391
v -52.142874 -0.790475 11.744943
v 28.261901 2.619206 -29.223331
v 33.110089 2.619206 -14.302096
v 19.040072 2.619206 -41.916091
v 6.347310 2.619206 -51.137912
v -8.573925 2.619206 -55.986121
v -24.263036 2.619206 -55.986112
v -39.184268 2.619206 -51.137908
v -51.877019 2.619206 -41.916079
v -61.098845 2.619206 -29.223321
v -65.947049 2.619206 -14.302092
v -65.947049 2.619206 1.387016
v -61.098845 2.619206 16.308246
v -51.877019 2.619206 29.000996
v -39.184262 2.619206 38.222817
v -24.263034 2.619206 43.071029
v -8.573930 2.619206 43.071029
v 6.347295 2.619206 38.222817
v 19.040049 2.619206 29.000992
v 28.261877 2.619206 16.308246
v 33.110072 2.619206 1.387015
v 17.466727 -2.022421 -23.722917
v 21.143544 -2.022421 -12.406785
v 10.472974 -2.022421 -33.348993
v 0.846893 -2.022421 -40.342747
v -10.469239 -2.022421 -44.019576
v -22.367726 -2.022421 -44.019576
v -33.683856 -2.022421 -40.342747
v -43.309930 -2.022421 -33.348989
v -50.303679 -2.022421 -23.722909
v -53.980512 -2.022421 -12.406781
v -53.980512 -2.022421 -0.508300
v -50.303679 -2.022421 10.807828
v -43.309928 -2.022421 20.433900
v -33.683850 -2.022421 27.427651
v -22.367724 -2.022421 31.104485
v -10.469243 -2.022421 31.104481
v 0.846882 -2.022421 27.427651
v 10.472956 -2.022421 20.433900
v 17.466707 -2.022421 10.807826
v 21.143540 -2.022421 -0.508301
v 38.036118 3.134522 -15.082301
v 32.705737 3.134522 -31.487578
v 22.566719 3.134522 -45.442730
v 38.036106 3.134522 2.167220
v 8.611554 3.134522 -55.581740
v -7.793718 3.134522 -60.912141
v -25.043241 3.134522 -60.912141
v -41.448512 3.134522 -55.581740
v -55.403658 3.134522 -45.442726
v -65.542673 3.134522 -31.487568
v -70.873070 3.134522 -15.082296
v -70.873070 3.134522 2.167221
v -65.542673 3.134522 18.572493
v -55.403658 3.134522 32.527639
v -41.448506 3.134522 42.666649
v -25.043239 3.134522 47.997046
v -7.793724 3.134522 47.997046
v 8.611542 3.134522 42.666649
v 22.566698 3.134522 32.527639
v 32.705709 3.134522 18.572487
v 38.004789 3.916903 -15.077339
v 32.677483 3.916903 -31.473181
v 22.544290 3.916903 -45.420306
v 38.004773 3.916903 2.162258
v 8.597157 3.916903 -55.553490
v -7.798679 3.916903 -60.880825
v -25.038280 3.916903 -60.880817
v -41.434115 3.916903 -55.553485
v -55.381242 3.916903 -45.420301
v -65.514414 3.916903 -31.473168
v -70.841745 3.916903 -15.077335
v -70.841745 3.916903 2.162261
v -65.514414 3.916903 18.558094
v -55.381238 3.916903 32.505214
v -41.434109 3.916903 42.638394
v -25.038279 3.916903 47.965726
v -7.798684 3.916903 47.965730
v 8.597145 3.916903 42.638394
v 22.544274 3.916903 32.505214
v 32.677454 3.916903 18.558094
v 31.107781 3.498799 -30.673380
v 36.264772 3.498799 -14.801748
v 21.298576 3.498799 -44.174596
v 7.797359 3.498799 -53.983792
v -8.074271 3.498799 -59.140803
v -24.762688 3.498799 -59.140791
v -40.634314 3.498799 -53.983784
v -54.135520 3.498799 -44.174583
v -63.944724 3.498799 -30.673370
v -69.101728 3.498799 -14.801743
v -69.101728 3.498799 1.886668
v -63.944724 3.498799 17.758291
v -54.135520 3.498799 31.259500
v -40.634310 3.498799 41.068692
v -24.762686 3.498799 46.225704
v -8.074277 3.498799 46.225704
v 7.797346 3.498799 41.068696
v 21.298552 3.498799 31.259500
v 31.107752 3.498799 17.758291
v 36.264755 3.498799 1.886669
v 18.227623 -0.370192 -24.110610
v 21.987000 -0.370192 -12.540374
v 11.076825 -0.370192 -33.952840
v 1.234588 -0.370192 -41.103641
v -10.335649 -0.370192 -44.863027
v -22.501316 -0.370192 -44.863027
v -34.071550 -0.370192 -41.103635
v -43.913777 -0.370192 -33.952836
v -51.064571 -0.370192 -24.110603
v -54.823968 -0.370192 -12.540371
v -54.823968 -0.370192 -0.374710
v -51.064571 -0.370192 11.195520
v -43.913777 -0.370192 21.037749
v -34.071544 -0.370192 28.188543
v -22.501314 -0.370192 31.947940
v -10.335655 -0.370192 31.947940
v 1.234575 -0.370192 28.188539
v 11.076800 -0.370192 21.037745
v 18.227597 -0.370192 11.195520
v 21.986992 -0.370192 -0.374711
v -1.566898 -1.204463 -14.024806
v -4.632200 -1.204463 -18.243829
v -8.851224 -1.204463 -21.309127
v -13.810984 -1.204463 -22.920654
v -19.025985 -1.204463 -22.920651
v -23.985745 -1.204463 -21.309125
v -28.204768 -1.204463 -18.243826
v -31.270064 -1.204463 -14.024801
v -32.881591 -1.204463 -9.065042
v -32.881591 -1.204463 -3.850044
v -31.270066 -1.204463 1.109715
v -28.204765 -1.204463 5.328735
v -23.985741 -1.204463 8.394032
v -19.025984 -1.204463 10.005561
v -13.810987 -1.204463 10.005561
v -8.851229 -1.204463 8.394032
v -4.632208 -1.204463 5.328735
v -1.566911 -1.204463 1.109714
v 0.044617 -1.204463 -3.850046
v 0.044621 -1.204463 -9.065045
vt 0.176198 0.403982
vt 0.300142 0.106331
vt 0.274385 0.100006
vt 0.150501 0.404000
vt 0.201576 0.399951
vt 0.326010 0.112189
vt 0.248744 0.093222
vt 0.248886 0.092704
vt 0.226009 0.391991
vt 0.351979 0.117582
vt 0.299801 0.107776
vt 0.274018 0.101445
vt 0.223231 0.085974
vt 0.100675 0.392067
vt 0.248899 0.380315
vt 0.388419 0.118478
vt 0.325695 0.113640
vt 0.960717 0.347020
vt 0.975748 0.326329
vt 0.248351 0.094654
vt 0.197851 0.078270
vt 0.198012 0.077758
vt 0.269676 0.365195
vt 0.428595 0.222040
vt 0.351690 0.119039
vt 0.942618 0.365089
vt 0.987377 0.303552
vt 0.222812 0.087398
vt 0.172616 0.070109
vt 0.056976 0.365322
vt 0.388877 0.119660
vt 0.921929 0.380123
vt 0.995279 0.279229
vt 0.197407 0.079687
vt 0.147530 0.061497
vt 0.038799 0.347160
vt 0.460674 0.209595
vt 0.429094 0.223325
vt 0.899133 0.391714
vt 0.999300 0.253973
vt 0.172146 0.071517
vt 0.122604 0.052432
vt 0.023681 0.326382
vt 0.461173 0.210880
vt 0.874811 0.399619
vt 0.999299 0.228399
vt 0.147035 0.062896
vt 0.097845 0.042922
vt 0.012007 0.303492
vt 0.995319 0.203136
vt 0.122084 0.053822
vt 0.987415 0.178814
vt 0.097300 0.044304
vt 0.073262 0.032966
vt 0.975823 0.156018
vt 0.072692 0.034337
vt 0.662735 0.131206
vt 0.287710 0.134325
vt 0.269533 0.116163
vt 0.686048 0.122162
vt 0.639575 0.140191
vt 0.302827 0.155102
vt 0.248735 0.101074
vt 0.709506 0.113062
vt 0.616574 0.149114
vt 0.314502 0.177992
vt 0.225835 0.089417
vt 0.733102 0.103908
vt 0.686547 0.123447
vt 0.663233 0.132492
vt 0.640073 0.141477
vt 0.201391 0.081493
vt 0.756827 0.094704
vt 0.710005 0.114347
vt 0.678329 0.279110
vt 0.674349 0.253848
vt 0.617073 0.150400
vt 0.593742 0.157972
vt 0.686233 0.303432
vt 0.176009 0.077484
vt 0.780675 0.085452
vt 0.733601 0.105193
vt 0.674347 0.228273
vt 0.697825 0.326229
vt 0.594240 0.159257
vt 0.150312 0.077503
vt 0.804636 0.076156
vt 0.757325 0.095989
vt 0.678369 0.203017
vt 0.124934 0.081533
vt 0.828704 0.066819
vt 0.781173 0.086737
vt 0.686270 0.178694
vt 0.100501 0.089492
vt 0.852871 0.057443
vt 0.805135 0.077442
vt 0.697900 0.155917
vt 0.077610 0.101168
vt 0.877130 0.048032
vt 0.829203 0.068104
vt 0.712931 0.135226
vt 0.056833 0.116288
vt 0.901471 0.038589
vt 0.853370 0.058729
vt 0.731029 0.117158
vt 0.877629 0.049318
vt 0.751718 0.102124
vt 0.925888 0.029117
vt 0.901970 0.039875
vt 0.774515 0.090533
vt 0.926386 0.030402
vt 0.798837 0.082628
vt 0.949286 0.337251
vt 0.932856 0.353652
vt 0.962930 0.318469
vt 0.956670 0.343561
vt 0.939162 0.361040
vt 0.914076 0.367299
vt 0.973486 0.297794
vt 0.971210 0.323546
vt 0.959593 0.346059
vt 0.941658 0.363964
vt 0.919149 0.375582
vt 0.893383 0.377820
vt 0.926212 0.317529
vt 0.913153 0.330565
vt 0.980659 0.275715
vt 0.982459 0.301513
vt 0.974487 0.325556
vt 0.921157 0.378861
vt 0.897097 0.386795
vt 0.871305 0.384996
vt 0.898226 0.341412
vt 0.937056 0.302600
vt 0.923422 0.315144
vt 0.910771 0.327773
vt 0.984310 0.252789
vt 0.990102 0.277985
vt 0.986011 0.302985
vt 0.898567 0.390347
vt 0.873570 0.394441
vt 0.848373 0.388608
vt 0.881778 0.349774
vt 0.896310 0.338281
vt 0.933928 0.300681
vt 0.945448 0.286167
vt 0.984308 0.229574
vt 0.993993 0.253554
vt 0.993840 0.278883
vt 0.874466 0.398180
vt 0.849132 0.398291
vt 0.825158 0.388609
vt 0.864230 0.355478
vt 0.880375 0.346383
vt 0.942057 0.284761
vt 0.951148 0.268618
vt 0.873625 0.284246
vt 0.879921 0.277961
vt 0.980696 0.206642
vt 0.993991 0.228815
vt 0.997825 0.253857
vt 0.849433 0.402123
vt 0.824394 0.398292
vt 0.802233 0.384958
vt 0.846003 0.358348
vt 0.863375 0.351908
vt 0.866428 0.289476
vt 0.885150 0.270764
vt 0.947580 0.267759
vt 0.954050 0.250396
vt 0.868495 0.278235
vt 0.873913 0.272827
vt 0.973521 0.184564
vt 0.990142 0.204377
vt 0.997824 0.228515
vt 0.849548 0.403598
vt 0.824091 0.402125
vt 0.799963 0.394402
vt 0.780154 0.377786
vt 0.827552 0.358350
vt 0.845717 0.354689
vt 0.858498 0.293508
vt 0.862301 0.282736
vt 0.878413 0.266632
vt 0.889196 0.262840
vt 0.950391 0.250106
vt 0.954049 0.231944
vt 0.853091 0.260187
vt 0.855874 0.257409
vt 0.962999 0.163871
vt 0.982495 0.180850
vt 0.993880 0.203481
vt 0.823974 0.403600
vt 0.799064 0.398140
vt 0.776434 0.386759
vt 0.759478 0.367229
vt 0.809329 0.355447
vt 0.827841 0.354691
vt 0.850038 0.296258
vt 0.855476 0.286206
vt 0.849910 0.262498
vt 0.858186 0.254227
vt 0.881895 0.259814
vt 0.891944 0.254379
vt 0.950390 0.232230
vt 0.951178 0.213717
vt 0.836824 0.241123
vt 0.949353 0.145091
vt 0.971283 0.158798
vt 0.986047 0.179380
vt 0.482846 0.202472
vt 0.798718 0.399578
vt 0.774962 0.390310
vt 0.754401 0.375509
vt 0.740696 0.353585
vt 0.791780 0.349747
vt 0.810188 0.351879
vt 0.841250 0.297642
vt 0.848195 0.288572
vt 0.846404 0.264281
vt 0.859974 0.250725
vt 0.884260 0.252532
vt 0.893343 0.245594
vt 0.947609 0.214572
vt 0.945475 0.196169
vt 0.932952 0.128662
vt 0.956740 0.138785
vt 0.974561 0.156790
vt 0.504732 0.193982
vt 0.774395 0.391677
vt 0.752391 0.378786
vt 0.734386 0.360969
vt 0.724295 0.337156
vt 0.775347 0.341356
vt 0.793186 0.346357
vt 0.832353 0.297643
vt 0.840632 0.289763
vt 0.842664 0.265496
vt 0.861190 0.246984
vt 0.885464 0.244971
vt 0.893342 0.236698
vt 0.942083 0.197572
vt 0.937112 0.179721
vt 0.914170 0.115018
vt 0.939262 0.121277
vt 0.959664 0.136289
vt 0.526821 0.185413
vt 0.751618 0.380047
vt 0.731888 0.363892
vt 0.716908 0.343462
vt 0.710648 0.318376
vt 0.760418 0.330511
vt 0.777266 0.338227
vt 0.823568 0.296243
vt 0.832976 0.289764
vt 0.838779 0.266108
vt 0.861808 0.243101
vt 0.885464 0.237315
vt 0.891958 0.227910
vt 0.933982 0.181637
vt 0.926265 0.164794
vt 0.893494 0.104461
vt 0.919247 0.106738
vt 0.941760 0.118355
vt 0.960790 0.135329
vt 0.549107 0.176767
vt 0.730927 0.365017
vt 0.713984 0.345957
vt 0.702365 0.323449
vt 0.700127 0.297682
vt 0.747382 0.317453
vt 0.762803 0.327721
vt 0.815107 0.293495
vt 0.825415 0.288559
vt 0.834846 0.266108
vt 0.861808 0.239168
vt 0.884273 0.229752
vt 0.889209 0.219449
vt 0.923474 0.167176
vt 0.913229 0.151735
vt 0.871415 0.097289
vt 0.897214 0.095488
vt 0.921257 0.103460
vt 0.942721 0.117230
vt 0.571582 0.168048
vt 0.712858 0.346918
vt 0.699086 0.325456
vt 0.691152 0.301397
vt 0.692952 0.275604
vt 0.736536 0.302526
vt 0.750174 0.315070
vt 0.807184 0.289449
vt 0.818133 0.286194
vt 0.830963 0.265489
vt 0.861197 0.235283
vt 0.881906 0.222471
vt 0.885177 0.211519
vt 0.910844 0.154525
vt 0.898301 0.140891
vt 0.848490 0.093637
vt 0.873685 0.087845
vt 0.898686 0.091937
vt 0.922030 0.102199
vt 0.048266 0.023932
vt 0.687600 0.302867
vt 0.683506 0.277869
vt 0.689340 0.252672
vt 0.728173 0.286078
vt 0.739666 0.300609
vt 0.799986 0.284221
vt 0.811315 0.282712
vt 0.827223 0.264274
vt 0.859981 0.231543
vt 0.878437 0.215646
vt 0.879947 0.204322
vt 0.896382 0.144019
vt 0.881867 0.132500
vt 0.825275 0.093639
vt 0.849254 0.083954
vt 0.874584 0.084107
vt 0.899253 0.090570
vt 0.024033 0.013086
vt 0.679768 0.278765
vt 0.679657 0.253432
vt 0.689338 0.229458
vt 0.722470 0.268530
vt 0.731564 0.284675
vt 0.793701 0.277925
vt 0.805121 0.278212
vt 0.823720 0.262485
vt 0.858199 0.228038
vt 0.873936 0.209453
vt 0.873662 0.198026
vt 0.880461 0.135890
vt 0.864318 0.126799
vt 0.802343 0.097251
vt 0.824515 0.083956
vt 0.849557 0.080122
vt 0.874930 0.082669
vt 1.000000 0.001844
vt 0.675824 0.253732
vt 0.679655 0.228693
vt 0.692989 0.206532
vt 0.719599 0.250303
vt 0.726039 0.267674
vt 0.788471 0.270728
vt 0.799712 0.272794
vt 0.820539 0.260174
vt 0.855887 0.224856
vt 0.868527 0.204034
vt 0.866464 0.192797
vt 0.863460 0.130368
vt 0.846096 0.123897
vt 0.780265 0.104426
vt 0.800078 0.087805
vt 0.824215 0.080123
vt 0.849674 0.078647
vt 0.975413 0.011383
vt 0.675822 0.228390
vt 0.683545 0.204262
vt 0.700161 0.184453
vt 0.719597 0.231851
vt 0.723258 0.250016
vt 0.784439 0.262798
vt 0.795211 0.266600
vt 0.817760 0.257390
vt 0.853109 0.222073
vt 0.862333 0.199534
vt 0.858541 0.188752
vt 0.845807 0.127556
vt 0.827645 0.123898
vt 0.759572 0.114948
vt 0.776551 0.095452
vt 0.799182 0.084067
vt 0.824100 0.078649
vt 0.950870 0.020904
vt 0.679808 0.203363
vt 0.691188 0.180733
vt 0.710718 0.163778
vt 0.722500 0.213629
vt 0.723256 0.232140
vt 0.781689 0.254337
vt 0.791741 0.259776
vt 0.815449 0.254209
vt 0.849927 0.219761
vt 0.855514 0.196053
vt 0.850080 0.186003
vt 0.827931 0.127557
vt 0.809417 0.126769
vt 0.740791 0.128594
vt 0.754499 0.106665
vt 0.775081 0.091900
vt 0.687637 0.179261
vt 0.702438 0.158700
vt 0.724362 0.144996
vt 0.728200 0.196080
vt 0.726068 0.214487
vt 0.780305 0.245549
vt 0.789375 0.252494
vt 0.813667 0.250703
vt 0.846425 0.217973
vt 0.848233 0.193687
vt 0.841294 0.184604
vt 0.810273 0.130338
vt 0.791869 0.132472
vt 0.734486 0.121207
vt 0.752491 0.103386
vt 0.699161 0.156691
vt 0.716978 0.138685
vt 0.736591 0.179646
vt 0.731591 0.197486
vt 0.780305 0.236653
vt 0.788184 0.244931
vt 0.812451 0.246963
vt 0.842685 0.216758
vt 0.840672 0.192483
vt 0.832398 0.184605
vt 0.793272 0.135864
vt 0.775421 0.140835
vt 0.731990 0.118283
vt 0.714055 0.136188
vt 0.747436 0.164718
vt 0.739720 0.181565
vt 0.781704 0.227867
vt 0.788183 0.237275
vt 0.811840 0.243078
vt 0.838801 0.216139
vt 0.833016 0.192483
vt 0.823610 0.185989
vt 0.777338 0.143965
vt 0.760495 0.151682
vt 0.750226 0.167103
vt 0.784452 0.219406
vt 0.789388 0.229714
vt 0.811839 0.239146
vt 0.834869 0.216139
vt 0.825453 0.193674
vt 0.815150 0.188739
vt 0.762877 0.154474
vt 0.788498 0.211483
vt 0.791753 0.222433
vt 0.812458 0.235262
vt 0.830984 0.216751
vt 0.818172 0.196041
vt 0.807219 0.192770
vt 0.793727 0.204285
vt 0.795235 0.215614
vt 0.813673 0.231522
vt 0.827244 0.217966
vt 0.811347 0.199511
vt 0.800023 0.198000
vt 0.799735 0.209420
vt 0.815462 0.228020
vt 0.823738 0.219748
vt 0.805153 0.204011
vt 0.817773 0.224838
vt 0.820557 0.222060
vt 0.563770 0.291385
vt 0.658906 0.349634
vt 0.189265 0.348822
vt 0.221389 0.335494
vt 0.208553 0.349923
vt 0.190912 0.355654
vt 0.172039 0.351569
vt 0.672250 0.317384
vt 0.225068 0.341482
vt 0.172597 0.358576
vt 0.622088 0.386469
vt 0.247823 0.312891
vt 0.240074 0.330581
vt 0.154050 0.358578
vt 0.137362 0.348859
vt 0.674975 0.282590
vt 0.253171 0.317449
vt 0.218387 0.373622
vt 0.196918 0.380600
vt 0.135728 0.355695
vt 0.120771 0.343469
vt 0.265978 0.283226
vt 0.264075 0.302445
vt 0.238489 0.363352
vt 0.174626 0.384157
vt 0.118087 0.349966
vt 0.572565 0.402590
vt 0.666814 0.248656
vt 0.272473 0.285908
vt 0.256750 0.350081
vt 0.152051 0.384158
vt 0.101552 0.341563
vt 0.091108 0.325312
vt 0.274078 0.249403
vt 0.278206 0.268270
vt 0.272694 0.334101
vt 0.129751 0.380651
vt 0.086549 0.330660
vt 0.537770 0.399865
vt 0.648567 0.218905
vt 0.281084 0.249947
vt 0.285961 0.315837
vt 0.108281 0.373675
vt 0.073417 0.317562
vt 0.068506 0.298878
vt 0.271330 0.214732
vt 0.281086 0.231400
vt 0.296186 0.295713
vt 0.287837 0.347017
vt 0.088157 0.363449
vt 0.062517 0.302555
vt 0.505521 0.386521
vt 0.622019 0.196249
vt 0.278161 0.213085
vt 0.303159 0.274244
vt 0.302924 0.326218
vt 0.069893 0.350181
vt 0.054076 0.286040
vt 0.055179 0.266753
vt 0.258003 0.182606
vt 0.272433 0.195444
vt 0.306666 0.251945
vt 0.314579 0.303318
vt 0.053915 0.334236
vt 0.048347 0.268400
vt 0.478973 0.363865
vt 0.589769 0.182905
vt 0.263991 0.178929
vt 0.306664 0.229372
vt 0.322500 0.278875
vt 0.040646 0.315974
vt 0.045422 0.250084
vt 0.052431 0.232081
vt 0.235401 0.156172
vt 0.253092 0.163923
vt 0.303109 0.207080
vt 0.326509 0.253494
vt 0.030376 0.295872
vt 0.045425 0.231537
vt 0.460726 0.334114
vt 0.554975 0.180180
vt 0.239960 0.150824
vt 0.296132 0.185613
vt 0.326490 0.227800
vt 0.023400 0.274404
vt 0.048302 0.213214
vt 0.060531 0.198258
vt 0.205737 0.138015
vt 0.224957 0.139920
vt 0.285863 0.165511
vt 0.322459 0.202423
vt 0.019844 0.252112
vt 0.054035 0.195576
vt 0.452565 0.300180
vt 0.521041 0.188341
vt 0.208421 0.131521
vt 0.272594 0.147249
vt 0.004049 0.279061
vt 0.019842 0.229539
vt 0.062434 0.179039
vt 0.078686 0.168593
vt 0.171915 0.129915
vt 0.190782 0.125787
vt 0.256615 0.131304
vt 0.000019 0.253684
vt 0.023349 0.207240
vt 0.073337 0.164035
vt 0.455290 0.265385
vt 0.491290 0.206588
vt 0.172459 0.122908
vt 0.238352 0.118036
vt 0.000000 0.227990
vt 0.030322 0.185771
vt 0.086435 0.150903
vt 0.105120 0.145990
vt 0.137244 0.132663
vt 0.153912 0.122906
vt 0.218228 0.107809
vt 0.004008 0.202609
vt 0.040548 0.165646
vt 0.101441 0.140002
vt 0.468634 0.233136
vt 0.135596 0.125831
vt 0.196758 0.100834
vt 0.011930 0.178166
vt 0.053815 0.147382
vt 0.117956 0.131561
vt 0.174458 0.097326
vt 0.023585 0.155266
vt 0.069759 0.131403
vt 0.151884 0.097328
vt 0.038672 0.134466
vt 0.088020 0.118132
vt 0.129591 0.100883
vt 0.108123 0.107861
vt 0.482348 0.201187
vt 0.504233 0.192696
vt 0.526322 0.184127
vt 0.548608 0.175481
vt 0.571083 0.166762
vt 0.950371 0.019619
vt 0.974915 0.010097
vt 0.000629 0.000479
vt 0.024652 0.011737
vt 0.048861 0.022572
vt 0.999783 0.228361
vt 0.999784 0.254011
vt 0.995791 0.203023
vt 0.987863 0.178629
vt 0.976237 0.155764
vt 0.961159 0.135014
vt 0.943036 0.116861
vt 0.922284 0.101785
vt 0.899439 0.090121
vt 0.875043 0.082197
vt 0.849712 0.078163
vt 0.824062 0.078164
vt 0.798724 0.082156
vt 0.774329 0.090084
vt 0.751465 0.101710
vt 0.730714 0.116788
vt 0.712562 0.134911
vt 0.697486 0.155663
vt 0.685822 0.178508
vt 0.677897 0.202904
vt 0.673863 0.228235
vt 0.673865 0.253885
vt 0.677857 0.279223
vt 0.685785 0.303618
vt 0.697411 0.326482
vt 0.712489 0.347233
vt 0.730611 0.365386
vt 0.751364 0.380461
vt 0.774209 0.392125
vt 0.798604 0.400050
vt 0.823936 0.404084
vt 0.849586 0.404082
vt 0.874924 0.400091
vt 0.995751 0.279343
vt 0.987826 0.303738
vt 0.899319 0.392163
vt 0.922183 0.380537
vt 0.942934 0.365458
vt 0.961086 0.347336
vt 0.976162 0.326583
vt 0.077774 0.380411
vt 0.172786 0.069599
vt 0.147709 0.060990
vt 0.122792 0.051929
vt 0.098042 0.042423
vt 0.073468 0.032470
vt 0.049076 0.022079
vt 0.024876 0.011249
vt 0.999321 0.000093
vt 0.974734 0.009631
vt 0.950190 0.019153
vt 0.925707 0.028651
vt 0.901290 0.038123
vt 0.876949 0.047566
vt 0.852691 0.056977
vt 0.828524 0.066353
vt 0.804455 0.075690
vt 0.780494 0.084986
vt 0.756646 0.094238
vt 0.732921 0.103442
vt 0.709325 0.112595
vt 0.685867 0.121696
vt 0.662554 0.130740
vt 0.639394 0.139725
vt 0.616393 0.148648
vt 0.593561 0.157506
vt 0.570903 0.166296
vt 0.548428 0.175015
vt 0.526141 0.183661
vt 0.504053 0.192230
vt 0.482167 0.200721
vt 0.460494 0.209129
vt 0.428415 0.221574
vt 0.223382 0.085458
vt 0.125119 0.399991
vt 0.388253 0.118051
vt 0.352083 0.117055
vt 0.326124 0.111664
vt 0.300266 0.105808
vt 0.274517 0.099486
vt 0.606499 0.394429
vt 0.589851 0.399836
vt 0.105221 0.335566
vt 0.555061 0.402588
vt 0.078759 0.312990
vt 0.521124 0.394454
vt 0.060569 0.283343
vt 0.491361 0.376231
vt 0.052431 0.249526
vt 0.468686 0.349703
vt 0.055140 0.214849
vt 0.455318 0.317466
vt 0.068433 0.182706
vt 0.452567 0.282676
vt 0.091007 0.156245
vt 0.460701 0.248739
vt 0.120654 0.138054
vt 0.478924 0.218976
vt 0.154470 0.129915
vt 0.505452 0.196301
vt 0.189147 0.132625
vt 0.537689 0.182933
vt 0.221289 0.145919
vt 0.572479 0.180182
vt 0.247749 0.168494
vt 0.606416 0.188316
vt 0.265939 0.198141
vt 0.636179 0.206539
vt 0.274078 0.231958
vt 0.658854 0.233067
vt 0.271368 0.266635
vt 0.672221 0.265304
vt 0.258076 0.298778
vt 0.674973 0.300094
vt 0.235502 0.325239
vt 0.666839 0.334031
vt 0.205855 0.343430
vt 0.154594 0.351570
vt 0.636250 0.376182
vt 0.648616 0.363794
vt 0.000000 0.001825
vt 0.999501 0.000559
vt 0.004008 0.202609
vt 0.000872 0.000000
vn -0.225847 0.967342 0.115075
vn -0.241055 0.967346 0.078323
vn -0.254792 0.963446 0.082787
vn -0.238719 0.963441 0.121633
vn -0.205054 0.967346 0.148980
vn -0.216739 0.963446 0.157470
vn -0.250354 0.967342 0.039652
vn -0.253460 0.967346 -0.000000
vn -0.267904 0.963445 -0.000000
vn -0.264623 0.963441 0.041912
vn -0.179233 0.967342 0.179233
vn -0.189449 0.963441 0.189449
vn -0.148980 0.967346 0.205054
vn -0.157470 0.963446 0.216739
vn -0.115075 0.967342 0.225847
vn -0.121633 0.963441 0.238719
vn -0.078323 0.967346 0.241055
vn -0.082787 0.963446 0.254792
vn -0.039652 0.967342 0.250354
vn -0.041912 0.963441 0.264623
vn 0.000000 0.967346 0.253460
vn 0.000000 0.963446 0.267904
vn 0.039652 0.967342 0.250354
vn 0.041912 0.963441 0.264623
vn 0.078323 0.967346 0.241055
vn 0.082787 0.963445 0.254792
vn 0.115075 0.967342 0.225847
vn 0.121634 0.963441 0.238719
vn 0.148980 0.967346 0.205054
vn 0.157470 0.963446 0.216739
vn 0.179234 0.967342 0.179233
vn 0.189449 0.963441 0.189449
vn 0.205054 0.967346 0.148980
vn 0.216739 0.963445 0.157470
vn 0.225847 0.967342 0.115075
vn 0.238720 0.963441 0.121634
vn 0.241055 0.967346 0.078324
vn 0.254792 0.963446 0.082787
vn 0.250354 0.967342 0.039652
vn 0.264623 0.963441 0.041912
vn 0.253460 0.967346 -0.000000
vn 0.267904 0.963445 -0.000000
vn 0.250354 0.967342 -0.039652
vn 0.264623 0.963441 -0.041912
vn 0.241055 0.967346 -0.078324
vn 0.254792 0.963445 -0.082787
vn 0.225847 0.967342 -0.115075
vn 0.238720 0.963441 -0.121634
vn 0.205054 0.967346 -0.148980
vn 0.216739 0.963445 -0.157470
vn 0.179233 0.967342 -0.179233
vn 0.189449 0.963441 -0.189449
vn 0.148980 0.967346 -0.205054
vn 0.157470 0.963445 -0.216739
vn 0.115075 0.967342 -0.225847
vn 0.121634 0.963441 -0.238720
vn 0.078324 0.967346 -0.241055
vn 0.082787 0.963445 -0.254793
vn 0.039652 0.967342 -0.250354
vn 0.041912 0.963441 -0.264623
vn -0.000000 0.967346 -0.253460
vn -0.000000 0.963446 -0.267904
vn -0.039652 0.967342 -0.250354
vn -0.041912 0.963441 -0.264623
vn -0.078324 0.967346 -0.241055
vn -0.082787 0.963445 -0.254792
vn -0.115075 0.967342 -0.225847
vn -0.121634 0.963441 -0.238720
vn -0.148980 0.967346 -0.205054
vn -0.157470 0.963446 -0.216739
vn -0.179233 0.967342 -0.179233
vn -0.189449 0.963441 -0.189449
vn -0.205054 0.967346 -0.148980
vn -0.216739 0.963446 -0.157470
vn -0.225847 0.967342 -0.115075
vn -0.238720 0.963441 -0.121634
vn -0.241055 0.967346 -0.078323
vn -0.254792 0.963445 -0.082787
vn -0.250354 0.967342 -0.039652
vn -0.264623 0.963441 -0.041912
vn -0.227283 0.966918 0.115806
vn -0.242577 0.966925 0.078818
vn -0.206348 0.966925 0.149921
vn -0.251945 0.966919 0.039904
vn -0.255060 0.966925 -0.000000
vn -0.180372 0.966919 0.180373
vn -0.149921 0.966925 0.206348
vn -0.251945 0.966919 -0.039904
vn -0.242576 0.966925 -0.078818
vn -0.115806 0.966919 0.227283
vn -0.078818 0.966925 0.242577
vn -0.039904 0.966919 0.251945
vn 0.000000 0.966925 0.255060
vn 0.039904 0.966918 0.251945
vn 0.078818 0.966925 0.242577
vn 0.115806 0.966918 0.227283
vn 0.149921 0.966925 0.206348
vn 0.180373 0.966919 0.180373
vn 0.206348 0.966925 0.149921
vn 0.227283 0.966918 0.115806
vn 0.242577 0.966925 0.078818
vn 0.251945 0.966919 0.039904
vn 0.255060 0.966925 -0.000000
vn 0.251945 0.966919 -0.039904
vn 0.242577 0.966925 -0.078818
vn 0.227283 0.966919 -0.115806
vn 0.206348 0.966925 -0.149921
vn 0.180373 0.966918 -0.180373
vn 0.149921 0.966925 -0.206348
vn 0.115806 0.966919 -0.227283
vn 0.078818 0.966925 -0.242577
vn 0.039904 0.966919 -0.251945
vn -0.000000 0.966925 -0.255060
vn -0.039904 0.966919 -0.251945
vn -0.078818 0.966925 -0.242576
vn -0.115806 0.966919 -0.227283
vn -0.149921 0.966925 -0.206348
vn -0.180373 0.966919 -0.180373
vn -0.206348 0.966925 -0.149921
vn -0.227283 0.966918 -0.115806
vn -0.000000 -1.000000 0.000000
vn -0.008096 -0.999950 0.005882
vn -0.008917 -0.999950 0.004543
vn -0.009517 -0.999950 0.003092
vn -0.005882 -0.999950 0.008096
vn -0.007077 -0.999950 0.007077
vn -0.003092 -0.999950 0.009517
vn -0.004544 -0.999950 0.008917
vn 0.000000 -0.999950 0.010007
vn -0.001566 -0.999950 0.009885
vn 0.003092 -0.999950 0.009517
vn 0.001566 -0.999950 0.009885
vn 0.005882 -0.999950 0.008096
vn 0.004544 -0.999950 0.008917
vn 0.008096 -0.999950 0.005882
vn 0.007077 -0.999950 0.007077
vn 0.009517 -0.999950 0.003092
vn 0.008917 -0.999950 0.004544
vn 0.010007 -0.999950 -0.000000
vn 0.009885 -0.999950 0.001566
vn 0.009517 -0.999950 -0.003092
vn 0.009885 -0.999950 -0.001566
vn 0.008096 -0.999950 -0.005882
vn 0.008917 -0.999950 -0.004544
vn 0.005882 -0.999950 -0.008096
vn 0.007077 -0.999950 -0.007077
vn 0.003092 -0.999950 -0.009517
vn 0.004544 -0.999950 -0.008917
vn -0.000000 -0.999950 -0.010007
vn 0.001566 -0.999950 -0.009885
vn -0.003092 -0.999950 -0.009517
vn -0.001566 -0.999950 -0.009885
vn -0.005882 -0.999950 -0.008096
vn -0.004544 -0.999950 -0.008917
vn -0.008096 -0.999950 -0.005882
vn -0.007077 -0.999950 -0.007077
vn -0.009517 -0.999950 -0.003092
vn -0.008917 -0.999950 -0.004543
vn -0.010007 -0.999950 0.000000
vn -0.009885 -0.999950 -0.001565
vn -0.009885 -0.999950 0.001566
vn 0.195002 -0.970516 -0.141677
vn 0.212745 -0.964805 -0.154568
vn 0.234279 -0.964813 -0.119371
vn 0.214836 -0.970496 -0.109464
vn 0.250096 -0.964805 -0.081261
vn 0.229239 -0.970516 -0.074484
vn 0.259700 -0.964813 -0.041132
vn 0.238147 -0.970496 -0.037718
vn 0.262967 -0.964805 -0.000000
vn 0.241036 -0.970516 -0.000000
vn 0.141677 -0.970516 -0.195002
vn 0.154568 -0.964805 -0.212745
vn 0.185925 -0.964813 -0.185925
vn 0.170494 -0.970497 -0.170494
vn 0.074484 -0.970516 -0.229239
vn 0.081261 -0.964805 -0.250097
vn 0.119371 -0.964813 -0.234279
vn 0.109464 -0.970496 -0.214836
vn -0.000000 -0.970516 -0.241036
vn 0.000000 -0.964805 -0.262967
vn 0.041133 -0.964813 -0.259700
vn 0.037719 -0.970496 -0.238147
vn -0.074484 -0.970516 -0.229239
vn -0.081261 -0.964805 -0.250096
vn -0.041133 -0.964813 -0.259700
vn -0.037719 -0.970496 -0.238147
vn -0.141677 -0.970516 -0.195002
vn -0.154568 -0.964805 -0.212745
vn -0.119371 -0.964813 -0.234279
vn -0.109464 -0.970496 -0.214836
vn -0.195003 -0.970516 -0.141678
vn -0.212745 -0.964805 -0.154568
vn -0.185926 -0.964813 -0.185925
vn -0.170496 -0.970496 -0.170495
vn -0.229239 -0.970516 -0.074484
vn -0.250097 -0.964805 -0.081261
vn -0.234279 -0.964813 -0.119372
vn -0.214836 -0.970496 -0.109465
vn -0.241037 -0.970516 0.000000
vn -0.262967 -0.964805 0.000000
vn -0.259700 -0.964813 -0.041132
vn -0.238148 -0.970496 -0.037719
vn -0.229239 -0.970516 0.074484
vn -0.250097 -0.964805 0.081261
vn -0.259700 -0.964813 0.041132
vn -0.238148 -0.970496 0.037719
vn -0.195002 -0.970516 0.141677
vn -0.212745 -0.964805 0.154568
vn -0.234279 -0.964813 0.119371
vn -0.214836 -0.970496 0.109464
vn -0.141677 -0.970516 0.195002
vn -0.154568 -0.964805 0.212745
vn -0.185925 -0.964813 0.185925
vn -0.170494 -0.970496 0.170495
vn -0.074484 -0.970516 0.229239
vn -0.081261 -0.964805 0.250097
vn -0.119372 -0.964813 0.234279
vn -0.109465 -0.970496 0.214835
vn -0.000000 -0.970516 0.241036
vn -0.000000 -0.964805 0.262967
vn -0.041133 -0.964813 0.259700
vn -0.037719 -0.970496 0.238147
vn 0.074484 -0.970516 0.229239
vn 0.081261 -0.964805 0.250097
vn 0.041133 -0.964813 0.259700
vn 0.037719 -0.970496 0.238147
vn 0.141677 -0.970516 0.195002
vn 0.154568 -0.964805 0.212745
vn 0.119372 -0.964813 0.234279
vn 0.109465 -0.970496 0.214836
vn 0.195002 -0.970516 0.141678
vn 0.212745 -0.964805 0.154568
vn 0.185925 -0.964813 0.185925
vn 0.170495 -0.970496 0.170495
vn 0.229237 -0.970517 0.074484
vn 0.250097 -0.964805 0.081261
vn 0.234279 -0.964813 0.119372
vn 0.214835 -0.970496 0.109465
vn 0.259701 -0.964813 0.041132
vn 0.238147 -0.970497 0.037718
vn 0.456630 -0.858695 -0.232665
vn 0.414588 -0.858712 -0.301216
vn 0.487377 -0.858712 -0.158358
vn 0.506179 -0.858694 -0.080170
vn 0.512460 -0.858711 0.000000
vn 0.362384 -0.858694 -0.362384
vn 0.301216 -0.858712 -0.414588
vn 0.232664 -0.858695 -0.456630
vn 0.158358 -0.858712 -0.487377
vn 0.080170 -0.858695 -0.506178
vn -0.000000 -0.858712 -0.512458
vn -0.080170 -0.858695 -0.506178
vn -0.158358 -0.858712 -0.487377
vn -0.232665 -0.858694 -0.456630
vn -0.301216 -0.858712 -0.414588
vn -0.362384 -0.858694 -0.362384
vn -0.414589 -0.858711 -0.301216
vn -0.456630 -0.858694 -0.232665
vn -0.487377 -0.858712 -0.158358
vn -0.506177 -0.858695 -0.080170
vn -0.512459 -0.858712 0.000000
vn -0.506178 -0.858695 0.080171
vn -0.487377 -0.858712 0.158358
vn -0.456630 -0.858695 0.232665
vn -0.414588 -0.858712 0.301216
vn -0.362383 -0.858695 0.362384
vn -0.301216 -0.858712 0.414588
vn -0.232665 -0.858695 0.456630
vn -0.158358 -0.858712 0.487377
vn -0.080170 -0.858694 0.506179
vn 0.000000 -0.858712 0.512459
vn 0.080170 -0.858695 0.506178
vn 0.158358 -0.858712 0.487377
vn 0.232665 -0.858695 0.456630
vn 0.301216 -0.858712 0.414588
vn 0.362384 -0.858694 0.362384
vn 0.414588 -0.858711 0.301216
vn 0.456631 -0.858694 0.232665
vn 0.487377 -0.858712 0.158358
vn 0.506178 -0.858695 0.080171
vn 0.346324 -0.931341 -0.112527
vn 0.937116 -0.170591 -0.304487
vn 0.973209 -0.170601 -0.154140
vn 0.359667 -0.931340 -0.056965
vn 0.985344 -0.170580 0.000001
vn 0.364148 -0.931341 0.000000
vn 0.324460 -0.931340 -0.165320
vn 0.877944 -0.170605 -0.447334
vn 0.294602 -0.931341 -0.214041
vn 0.797160 -0.170579 -0.579171
vn 0.257494 -0.931340 -0.257494
vn 0.696740 -0.170600 -0.696741
vn 0.214041 -0.931341 -0.294602
vn 0.579170 -0.170589 -0.797159
vn 0.973210 -0.170597 0.154141
vn 0.359668 -0.931340 0.056965
vn 0.937117 -0.170582 0.304488
vn 0.346326 -0.931341 0.112528
vn 0.165321 -0.931340 -0.324461
vn 0.447335 -0.170603 -0.877944
vn 0.112528 -0.931341 -0.346325
vn 0.304488 -0.170582 -0.937117
vn 0.056966 -0.931340 -0.359667
vn 0.154141 -0.170603 -0.973209
vn -0.000000 -0.931341 -0.364147
vn -0.000000 -0.170590 -0.985342
vn -0.056966 -0.931340 -0.359666
vn -0.154141 -0.170607 -0.973208
vn -0.112527 -0.931342 -0.346324
vn -0.304488 -0.170590 -0.937116
vn -0.165321 -0.931340 -0.324460
vn -0.447334 -0.170609 -0.877943
vn -0.214040 -0.931341 -0.294601
vn -0.579169 -0.170597 -0.797158
vn -0.257493 -0.931340 -0.257492
vn -0.696739 -0.170618 -0.696739
vn -0.294600 -0.931342 -0.214040
vn -0.797157 -0.170598 -0.579169
vn -0.324459 -0.931341 -0.165321
vn -0.877943 -0.170614 -0.447334
vn -0.346324 -0.931342 -0.112527
vn -0.937114 -0.170601 -0.304487
vn -0.359666 -0.931341 -0.056966
vn -0.973207 -0.170613 -0.154141
vn -0.364146 -0.931342 0.000000
vn -0.985342 -0.170588 -0.000000
vn -0.359666 -0.931341 0.056966
vn -0.973209 -0.170604 0.154141
vn -0.346324 -0.931342 0.112527
vn -0.937115 -0.170598 0.304487
vn -0.324460 -0.931340 0.165320
vn -0.877942 -0.170617 0.447334
vn -0.294602 -0.931341 0.214041
vn -0.797157 -0.170596 0.579170
vn -0.257493 -0.931340 0.257493
vn -0.696739 -0.170616 0.696738
vn -0.214040 -0.931341 0.294601
vn -0.579169 -0.170596 0.797158
vn -0.165321 -0.931340 0.324460
vn -0.447334 -0.170606 0.877944
vn -0.112527 -0.931341 0.346325
vn -0.304487 -0.170584 0.937117
vn -0.056966 -0.931340 0.359667
vn -0.154142 -0.170600 0.973209
vn -0.000000 -0.931341 0.364147
vn -0.000000 -0.170584 0.985343
vn 0.056966 -0.931340 0.359667
vn 0.154142 -0.170603 0.973209
vn 0.112527 -0.931341 0.346325
vn 0.304488 -0.170587 0.937116
vn 0.165321 -0.931340 0.324460
vn 0.447334 -0.170609 0.877943
vn 0.214040 -0.931342 0.294601
vn 0.579169 -0.170596 0.797158
vn 0.257493 -0.931340 0.257493
vn 0.696740 -0.170609 0.696740
vn 0.294601 -0.931341 0.214040
vn 0.797158 -0.170590 0.579170
vn 0.324461 -0.931340 0.165322
vn 0.877944 -0.170603 0.447336
vn 0.920224 0.252562 -0.298998
vn 0.302784 0.947968 -0.098380
vn 0.314190 0.948055 -0.049762
vn 0.955663 0.252581 -0.151361
vn -0.216156 0.973829 0.070233
vn -0.224537 0.973816 0.035563
vn -0.227280 0.973829 -0.000000
vn 0.318366 0.947968 0.000000
vn 0.967581 0.252562 0.000001
vn 0.283436 0.948055 -0.144418
vn -0.202557 0.973817 0.103208
vn 0.862118 0.252574 -0.439270
vn 0.782787 0.252570 -0.568729
vn 0.257563 0.947968 -0.187131
vn -0.183874 0.973829 0.133592
vn 0.224936 0.948055 -0.224936
vn -0.160751 0.973816 0.160751
vn 0.684179 0.252580 -0.684180
vn 0.568729 0.252562 -0.782790
vn 0.187131 0.947968 -0.257564
vn -0.133592 0.973829 0.183874
vn 0.314192 0.948054 0.049763
vn 0.955664 0.252578 0.151362
vn -0.224538 0.973816 -0.035563
vn -0.216157 0.973829 -0.070233
vn 0.302782 0.947969 0.098380
vn 0.920223 0.252567 0.298998
vn 0.144418 0.948054 -0.283437
vn -0.103208 0.973816 0.202558
vn 0.439271 0.252576 -0.862117
vn 0.298999 0.252567 -0.920222
vn 0.098381 0.947968 -0.302785
vn -0.070233 0.973829 0.216156
vn 0.049763 0.948055 -0.314189
vn -0.035563 0.973816 0.224537
vn 0.151362 0.252578 -0.955664
vn -0.000000 0.252567 -0.967579
vn -0.000000 0.947969 -0.318363
vn 0.000000 0.973829 0.227281
vn -0.049763 0.948056 -0.314187
vn 0.035563 0.973816 0.224538
vn -0.151363 0.252582 -0.955663
vn -0.298999 0.252567 -0.920223
vn -0.098379 0.947969 -0.302780
vn 0.070233 0.973830 0.216156
vn -0.144417 0.948056 -0.283433
vn 0.103208 0.973817 0.202557
vn -0.439271 0.252575 -0.862117
vn -0.568730 0.252560 -0.782790
vn -0.187129 0.947969 -0.257561
vn 0.133592 0.973830 0.183873
vn -0.224933 0.948056 -0.224934
vn 0.160751 0.973817 0.160750
vn -0.684181 0.252573 -0.684180
vn -0.782788 0.252569 -0.568728
vn -0.257560 0.947969 -0.187128
vn 0.183873 0.973829 0.133592
vn -0.283431 0.948056 -0.144415
vn 0.202558 0.973816 0.103208
vn -0.862117 0.252579 -0.439270
vn -0.920226 0.252556 -0.298999
vn -0.302782 0.947968 -0.098380
vn 0.216156 0.973830 0.070233
vn -0.314188 0.948056 -0.049763
vn 0.224537 0.973816 0.035563
vn -0.955665 0.252573 -0.151362
vn -0.967579 0.252567 0.000000
vn -0.318363 0.947969 0.000000
vn 0.227281 0.973829 -0.000000
vn -0.314190 0.948055 0.049763
vn 0.224538 0.973816 -0.035563
vn -0.955664 0.252578 0.151362
vn -0.920225 0.252558 0.298999
vn -0.302782 0.947968 0.098380
vn 0.216157 0.973829 -0.070233
vn -0.283434 0.948055 0.144417
vn 0.202558 0.973816 -0.103209
vn -0.862119 0.252569 0.439272
vn -0.782790 0.252555 0.568731
vn -0.257563 0.947968 0.187130
vn 0.183873 0.973830 -0.133592
vn -0.224934 0.948055 0.224935
vn 0.160750 0.973817 -0.160750
vn -0.684182 0.252567 0.684182
vn -0.568730 0.252558 0.782790
vn -0.187128 0.947969 0.257561
vn 0.133591 0.973830 -0.183873
vn -0.144416 0.948056 0.283433
vn 0.103208 0.973817 -0.202557
vn -0.439271 0.252574 0.862118
vn -0.298999 0.252564 0.920223
vn -0.098380 0.947969 0.302781
vn 0.070233 0.973829 -0.216156
vn -0.049763 0.948056 0.314188
vn 0.035563 0.973816 -0.224537
vn -0.151363 0.252576 0.955664
vn -0.000000 0.252562 0.967581
vn -0.000000 0.947969 0.318362
vn 0.000000 0.973829 -0.227280
vn 0.049763 0.948056 0.314187
vn -0.035563 0.973816 -0.224537
vn 0.151363 0.252574 0.955665
vn 0.298999 0.252564 0.920223
vn 0.098380 0.947969 0.302780
vn -0.070234 0.973829 -0.216157
vn 0.144416 0.948055 0.283434
vn -0.103208 0.973816 -0.202558
vn 0.439271 0.252576 0.862117
vn 0.568731 0.252557 0.782790
vn 0.187129 0.947968 0.257563
vn -0.133591 0.973830 -0.183873
vn 0.224935 0.948055 0.224935
vn -0.160750 0.973816 -0.160750
vn 0.684180 0.252572 0.684182
vn 0.782789 0.252563 0.568730
vn 0.257562 0.947969 0.187129
vn -0.183873 0.973830 -0.133591
vn 0.283432 0.948056 0.144416
vn -0.202557 0.973817 -0.103208
vn 0.862119 0.252572 0.439271
vn -0.015728 0.999753 0.015728
vn -0.017974 0.999753 0.013059
vn -0.000000 1.000000 0.000000
vn -0.000000 1.000000 0.000000
vn -0.000000 1.000000 0.000000
vn -0.013059 0.999753 0.017974
vn -0.019819 0.999753 0.010098
vn -0.000000 1.000000 0.000000
vn -0.021129 0.999753 0.006865
vn -0.000000 1.000000 0.000000
vn -0.021969 0.999753 0.003480
vn -0.000000 1.000000 0.000000
vn -0.022217 0.999753 -0.000000
vn -0.000000 1.000000 -0.000000
vn -0.010098 0.999753 0.019819
vn -0.000000 1.000000 0.000000
vn -0.000000 1.000000 0.000000
vn -0.006865 0.999753 0.021129
vn -0.003480 0.999753 0.021969
vn -0.000000 1.000000 0.000000
vn -0.000000 1.000000 0.000000
vn 0.000000 0.999753 0.022217
vn 0.003480 0.999753 0.021969
vn 0.000000 1.000000 0.000000
vn 0.000000 1.000000 0.000000
vn 0.006865 0.999753 0.021129
vn 0.010098 0.999753 0.019819
vn 0.000000 1.000000 0.000000
vn 0.000000 1.000000 0.000000
vn 0.013059 0.999753 0.017974
vn 0.015728 0.999753 0.015728
vn 0.000000 1.000000 0.000000
vn 0.000000 1.000000 0.000000
vn 0.017974 0.999753 0.013059
vn 0.019819 0.999753 0.010098
vn 0.000000 1.000000 0.000000
vn 0.000000 1.000000 0.000000
vn 0.021129 0.999753 0.006865
vn 0.021969 0.999753 0.003480
vn 0.000000 1.000000 0.000000
vn 0.000000 1.000000 0.000000
vn 0.022217 0.999753 0.000000
vn 0.021969 0.999753 -0.003480
vn 0.000000 1.000000 -0.000000
vn 0.000000 1.000000 -0.000000
vn 0.021129 0.999753 -0.006865
vn 0.019819 0.999753 -0.010098
vn 0.000000 1.000000 -0.000000
vn 0.000000 1.000000 -0.000000
vn 0.017974 0.999753 -0.013059
vn 0.015728 0.999753 -0.015728
vn 0.000000 1.000000 -0.000000
vn 0.000000 1.000000 -0.000000
vn 0.013059 0.999753 -0.017974
vn 0.010098 0.999753 -0.019819
vn 0.000000 1.000000 -0.000000
vn 0.000000 1.000000 -0.000000
vn 0.006865 0.999753 -0.021129
vn 0.003480 0.999753 -0.021969
vn 0.000000 1.000000 -0.000000
vn -0.000000 1.000000 -0.000000
vn -0.000000 0.999753 -0.022217
vn -0.003480 0.999753 -0.021969
vn -0.000000 1.000000 -0.000000
vn -0.000000 1.000000 -0.000000
vn -0.006865 0.999753 -0.021129
vn -0.010098 0.999753 -0.019819
vn -0.000000 1.000000 -0.000000
vn -0.000000 1.000000 -0.000000
vn -0.013059 0.999753 -0.017974
vn -0.015728 0.999753 -0.015728
vn -0.000000 1.000000 -0.000000
vn -0.000000 1.000000 -0.000000
vn -0.017974 0.999753 -0.013059
vn -0.019819 0.999753 -0.010098
vn -0.000000 1.000000 -0.000000
vn -0.000000 1.000000 0.000000
vn -0.021129 0.999753 -0.006865
vn -0.021969 0.999753 -0.003480
vn -0.000000 1.000000 -0.000000
vn -0.000000 1.000000 0.000000
vn -0.000000 1.000000 0.000000
vn -0.000000 1.000000 0.000000
vn -0.000000 1.000000 0.000000
vn -0.000000 1.000000 0.000000
vn -0.000000 1.000000 0.000000
vn -0.000000 1.000000 0.000000
vn -0.000000 1.000000 0.000000
vn 0.000000 1.000000 0.000000
vn -0.000000 1.000000 0.000000
vn 0.000000 1.000000 0.000000
vn 0.000000 1.000000 0.000000
vn 0.000000 1.000000 0.000000
vn 0.000000 1.000000 0.000000
vn 0.000000 1.000000 0.000000
vn 0.000000 1.000000 0.000000
vn 0.000000 1.000000 0.000000
vn 0.000000 1.000000 0.000000
vn 0.000000 1.000000 0.000000
vn 0.000000 1.000000 0.000000
vn 0.000000 1.000000 -0.000000
vn 0.000000 1.000000 0.000000
vn 0.000000 1.000000 -0.000000
vn 0.000000 1.000000 -0.000000
vn 0.000000 1.000000 -0.000000
vn 0.000000 1.000000 -0.000000
vn 0.000000 1.000000 -0.000000
vn 0.000000 1.000000 -0.000000
vn 0.000000 1.000000 -0.000000
vn 0.000000 1.000000 -0.000000
vn -0.000000 1.000000 -0.000000
vn -0.000000 1.000000 -0.000000
vn -0.000000 1.000000 -0.000000
vn -0.000000 1.000000 -0.000000
vn -0.000000 1.000000 -0.000000
vn -0.000000 1.000000 -0.000000
vn -0.000000 1.000000 -0.000000
vn -0.000000 1.000000 -0.000000
vn -0.000000 1.000000 0.000000
vn -0.000000 1.000000 -0.000000
vn -0.000000 1.000000 0.000000
vn -0.303823 0.947600 0.098718
vn -0.284660 0.947592 0.145041
vn -0.258448 0.947600 0.187774
vn -0.315548 0.947593 0.049977
vn -0.319460 0.947600 -0.000000
vn -0.225907 0.947592 0.225908
vn -0.187774 0.947600 0.258448
vn -0.145041 0.947593 0.284660
vn -0.098718 0.947600 0.303824
vn -0.049978 0.947593 0.315548
vn -0.000000 0.947600 0.319459
vn 0.049978 0.947593 0.315548
vn 0.098718 0.947600 0.303823
vn 0.145041 0.947593 0.284659
vn 0.187773 0.947600 0.258448
vn 0.225907 0.947593 0.225907
vn 0.258448 0.947600 0.187774
vn 0.284660 0.947592 0.145042
vn 0.303824 0.947600 0.098718
vn 0.315548 0.947593 0.049978
vn 0.319460 0.947600 0.000000
vn 0.315548 0.947592 -0.049978
vn 0.303824 0.947600 -0.098718
vn 0.284660 0.947593 -0.145041
vn 0.258448 0.947600 -0.187773
vn 0.225908 0.947592 -0.225908
vn 0.187774 0.947600 -0.258448
vn 0.145042 0.947593 -0.284660
vn 0.098719 0.947600 -0.303824
vn 0.049978 0.947593 -0.315548
vn -0.000000 0.947600 -0.319459
vn -0.049978 0.947592 -0.315548
vn -0.098719 0.947600 -0.303824
vn -0.145041 0.947593 -0.284660
vn -0.187773 0.947600 -0.258448
vn -0.225908 0.947593 -0.225907
vn -0.258448 0.947600 -0.187774
vn -0.284660 0.947592 -0.145042
vn -0.303824 0.947600 -0.098718
vn -0.315548 0.947592 -0.049978
vn -0.094517 0.994358 0.048159
vn -0.100959 0.994350 0.032804
vn -0.085881 0.994350 0.062396
vn -0.075009 0.994358 0.075009
vn -0.062396 0.994350 0.085881
vn -0.048159 0.994358 0.094517
vn -0.032804 0.994350 0.100959
vn -0.016594 0.994358 0.104773
vn 0.000000 0.994350 0.106155
vn 0.016595 0.994358 0.104773
vn 0.032804 0.994350 0.100959
vn 0.048159 0.994358 0.094517
vn 0.062396 0.994350 0.085881
vn 0.075009 0.994358 0.075009
vn 0.085881 0.994350 0.062396
vn 0.094517 0.994358 0.048159
vn 0.100959 0.994350 0.032804
vn 0.104773 0.994358 0.016594
vn 0.106155 0.994350 0.000000
vn 0.104773 0.994358 -0.016594
vn 0.100959 0.994350 -0.032804
vn 0.094517 0.994358 -0.048159
vn 0.085881 0.994349 -0.062396
vn 0.075009 0.994358 -0.075009
vn 0.062396 0.994350 -0.085881
vn 0.048159 0.994358 -0.094517
vn 0.032804 0.994350 -0.100959
vn 0.016595 0.994358 -0.104773
vn -0.000000 0.994350 -0.106155
vn -0.016595 0.994358 -0.104773
vn -0.032804 0.994350 -0.100959
vn -0.048159 0.994358 -0.094517
vn -0.062396 0.994350 -0.085881
vn -0.075009 0.994358 -0.075009
vn -0.085881 0.994350 -0.062396
vn -0.094517 0.994358 -0.048159
vn -0.100959 0.994350 -0.032804
vn -0.104773 0.994358 -0.016594
vn -0.106155 0.994350 -0.000000
vn -0.104773 0.994358 0.016594
s 1
g cups Plate
usemtl aiStandardSurface1SG
f 1138/1158/772 1065/1157/773 965/1160/774 1218/1161/775
f 1066/1162/776 1138/1158/772 1218/1161/775 966/1167/777
f 1139/1159/778 1067/1163/779 967/1172/780 1219/1164/781
f 1065/1157/773 1139/1159/778 1219/1164/781 965/1160/774
f 1140/1168/782 1066/1162/776 966/1167/777 1220/1175/783
f 1068/1176/784 1140/1168/782 1220/1175/783 968/1185/785
f 1141/1186/786 1068/1176/784 968/1185/785 1221/1195/787
f 1069/1196/788 1141/1186/786 1221/1195/787 969/1207/789
f 1142/1208/790 1069/1196/788 969/1207/789 1222/1222/791
f 1070/1223/792 1142/1208/790 1222/1222/791 970/1239/793
f 1143/1240/794 1070/1223/792 970/1239/793 1223/1258/795
f 1071/1259/796 1143/1240/794 1223/1258/795 971/1276/797
f 1144/1277/798 1071/1259/796 971/1276/797 1224/1294/799
f 1072/1295/800 1144/1277/798 1224/1294/799 972/1313/801
f 1145/1314/802 1072/1295/800 972/1313/801 1225/1332/803
f 1073/1333/804 1145/1314/802 1225/1332/803 973/1350/805
f 1146/1351/806 1073/1333/804 973/1350/805 1226/1368/807
f 1074/1369/808 1146/1351/806 1226/1368/807 974/1386/809
f 1147/1387/810 1074/1369/808 974/1386/809 1227/1404/811
f 1075/1405/812 1147/1387/810 1227/1404/811 975/1422/813
f 1148/1423/814 1075/1405/812 975/1422/813 1228/1438/815
f 1076/1439/816 1148/1423/814 1228/1438/815 976/1453/817
f 1149/1434/818 1076/1439/816 976/1453/817 1229/1450/819
f 1077/1416/820 1149/1434/818 1229/1450/819 977/1435/821
f 1150/1398/822 1077/1416/820 977/1435/821 1230/1417/823
f 1078/1380/824 1150/1398/822 1230/1417/823 978/1399/825
f 1151/1362/826 1078/1380/824 978/1399/825 1231/1381/827
f 1079/1344/828 1151/1362/826 1231/1381/827 979/1363/829
f 1152/1325/830 1079/1344/828 979/1363/829 1232/1345/831
f 1080/1306/832 1152/1325/830 1232/1345/831 980/1326/833
f 1153/1288/834 1080/1306/832 980/1326/833 1233/1307/835
f 1081/1270/836 1153/1288/834 1233/1307/835 981/1289/837
f 1154/1252/838 1081/1270/836 981/1289/837 1234/1271/839
f 1082/1234/840 1154/1252/838 1234/1271/839 982/1253/841
f 1155/1217/842 1082/1234/840 982/1253/841 1235/1235/843
f 1083/1203/844 1155/1217/842 1235/1235/843 983/1218/845
f 1156/1191/846 1083/1203/844 983/1218/845 1236/1204/847
f 1084/1181/848 1156/1191/846 1236/1204/847 984/1192/849
f 1157/1171/850 1084/1181/848 984/1192/849 1237/1182/851
f 1067/1163/779 1157/1171/850 1237/1182/851 967/1172/780
f 1085/1170/852 717/1169/853 1065/1157/773 1138/1158/772
f 718/1177/854 1085/1170/852 1138/1158/772 1066/1162/776
f 1065/1157/773 717/1169/853 1086/1178/855 1139/1159/778
f 1086/1178/855 719/1190/856 1067/1163/779 1139/1159/778
f 1087/1187/857 718/1177/854 1066/1162/776 1140/1168/782
f 720/1197/858 1087/1187/857 1140/1168/782 1068/1176/784
f 1067/1163/779 719/1190/856 1088/1200/859 1157/1171/850
f 1088/1200/859 721/1214/860 1084/1181/848 1157/1171/850
f 1089/1209/861 720/1197/858 1068/1176/784 1141/1186/786
f 722/1224/862 1089/1209/861 1141/1186/786 1069/1196/788
f 1090/1241/863 722/1224/862 1069/1196/788 1142/1208/790
f 723/1260/864 1090/1241/863 1142/1208/790 1070/1223/792
f 1091/1278/865 723/1260/864 1070/1223/792 1143/1240/794
f 724/1296/866 1091/1278/865 1143/1240/794 1071/1259/796
f 1092/1315/867 724/1296/866 1071/1259/796 1144/1277/798
f 725/1334/868 1092/1315/867 1144/1277/798 1072/1295/800
f 1093/1352/869 725/1334/868 1072/1295/800 1145/1314/802
f 726/1370/870 1093/1352/869 1145/1314/802 1073/1333/804
f 1094/1388/871 726/1370/870 1073/1333/804 1146/1351/806
f 727/1406/872 1094/1388/871 1146/1351/806 1074/1369/808
f 1095/1424/873 727/1406/872 1074/1369/808 1147/1387/810
f 728/1440/874 1095/1424/873 1147/1387/810 1075/1405/812
f 1096/1454/875 728/1440/874 1075/1405/812 1148/1423/814
f 729/1466/876 1096/1454/875 1148/1423/814 1076/1439/816
f 1097/1475/877 729/1466/876 1076/1439/816 1149/1434/818
f 730/1463/878 1097/1475/877 1149/1434/818 1077/1416/820
f 1098/1449/879 730/1463/878 1077/1416/820 1150/1398/822
f 731/1433/880 1098/1449/879 1150/1398/822 1078/1380/824
f 1099/1415/881 731/1433/880 1078/1380/824 1151/1362/826
f 732/1397/882 1099/1415/881 1151/1362/826 1079/1344/828
f 1100/1379/883 732/1397/882 1079/1344/828 1152/1325/830
f 733/1361/884 1100/1379/883 1152/1325/830 1080/1306/832
f 1101/1343/885 733/1361/884 1080/1306/832 1153/1288/834
f 734/1324/886 1101/1343/885 1153/1288/834 1081/1270/836
f 1102/1305/887 734/1324/886 1081/1270/836 1154/1252/838
f 735/1287/888 1102/1305/887 1154/1252/838 1082/1234/840
f 1103/1269/889 735/1287/888 1082/1234/840 1155/1217/842
f 736/1250/890 1103/1269/889 1155/1217/842 1083/1203/844
f 1104/1231/891 736/1250/890 1083/1203/844 1156/1191/846
f 721/1214/860 1104/1231/891 1156/1191/846 1084/1181/848
s 3
f 676/1502/892 845/1503/893 1158/1766/894
f 676/1502/892 1158/1766/894 846/1765/895
f 676/1502/892 848/1509/896 1160/1762/897
f 676/1502/892 1160/1762/897 845/1503/893
f 676/1502/892 849/1517/898 1161/1760/899
f 676/1502/892 1161/1760/899 848/1509/896
f 676/1502/892 850/1529/900 1162/1758/901
f 676/1502/892 1162/1758/901 849/1517/898
f 676/1502/892 851/1541/902 1163/1756/903
f 676/1502/892 1163/1756/903 850/1529/900
f 676/1502/892 852/1554/904 1164/1754/905
f 676/1502/892 1164/1754/905 851/1541/902
f 676/1502/892 853/1568/906 1165/1752/907
f 676/1502/892 1165/1752/907 852/1554/904
f 676/1502/892 854/1582/908 1166/1750/909
f 676/1502/892 1166/1750/909 853/1568/906
f 676/1502/892 855/1596/910 1167/1748/911
f 676/1502/892 1167/1748/911 854/1582/908
f 676/1502/892 856/1610/912 1168/1746/913
f 676/1502/892 1168/1746/913 855/1596/910
f 676/1502/892 857/1623/914 1169/1744/915
f 676/1502/892 1169/1744/915 856/1610/912
f 676/1502/892 858/1609/916 1170/1742/917
f 676/1502/892 1170/1742/917 857/1623/914
f 676/1502/892 859/1595/918 1171/1740/919
f 676/1502/892 1171/1740/919 858/1609/916
f 676/1502/892 860/1581/920 1172/1738/921
f 676/1502/892 1172/1738/921 859/1595/918
f 676/1502/892 861/1567/922 1173/1736/923
f 676/1502/892 1173/1736/923 860/1581/920
f 676/1502/892 862/1553/924 1174/1734/925
f 676/1502/892 1174/1734/925 861/1567/922
f 676/1502/892 863/1540/926 1175/1732/927
f 676/1502/892 1175/1732/927 862/1553/924
f 676/1502/892 864/1528/928 1176/1730/929
f 676/1502/892 1176/1730/929 863/1540/926
f 676/1502/892 847/1727/930 1177/1728/931
f 676/1502/892 1177/1728/931 864/1528/928
f 676/1502/892 846/1765/895 1159/1512/932
f 676/1502/892 1159/1512/932 847/1727/930
s 1
f 698/1506/933 678/1519/934 1105/1520/935 1125/1507/936
f 1125/1507/936 1105/1520/935 677/1526/937 697/1511/938
f 697/1511/938 677/1526/937 1106/1532/939 1126/1515/940
f 1126/1515/940 1106/1532/939 679/1538/941 699/1521/942
f 700/1514/943 680/1531/944 1107/1525/945 1127/1510/946
f 1127/1510/946 1107/1525/945 678/1519/934 698/1506/933
f 701/1524/947 681/1543/948 1108/1537/949 1129/1518/950
f 1129/1518/950 1108/1537/949 680/1531/944 700/1514/943
f 702/1536/951 682/1556/952 1109/1549/953 1130/1530/954
f 1130/1530/954 1109/1549/953 681/1543/948 701/1524/947
f 703/1548/955 683/1570/956 1110/1563/957 1131/1542/958
f 1131/1542/958 1110/1563/957 682/1556/952 702/1536/951
f 704/1562/959 684/1584/960 1111/1577/961 1132/1555/962
f 1132/1555/962 1111/1577/961 683/1570/956 703/1548/955
f 705/1576/963 685/1598/964 1112/1591/965 1133/1569/966
f 1133/1569/966 1112/1591/965 684/1584/960 704/1562/959
f 706/1590/967 686/1612/968 1113/1605/969 1134/1583/970
f 1134/1583/970 1113/1605/969 685/1598/964 705/1576/963
f 707/1604/971 687/1625/972 1114/1619/973 1135/1597/974
f 1135/1597/974 1114/1619/973 686/1612/968 706/1590/967
f 708/1618/975 688/1632/976 1115/1629/977 1136/1611/978
f 1136/1611/978 1115/1629/977 687/1625/972 707/1604/971
f 709/1628/979 689/1636/980 1116/1635/981 1137/1624/982
f 1137/1624/982 1116/1635/981 688/1632/976 708/1618/975
f 710/1615/983 690/1631/984 1117/1634/985 838/1622/986
f 838/1622/986 1117/1634/985 689/1636/980 709/1628/979
f 711/1601/987 691/1621/988 1118/1627/989 839/1608/990
f 839/1608/990 1118/1627/989 690/1631/984 710/1615/983
f 712/1587/991 692/1607/992 1119/1614/993 840/1594/994
f 840/1594/994 1119/1614/993 691/1621/988 711/1601/987
f 713/1573/995 693/1593/996 1120/1600/997 841/1580/998
f 841/1580/998 1120/1600/997 692/1607/992 712/1587/991
f 714/1559/999 694/1579/1000 1121/1586/1001 842/1566/1002
f 842/1566/1002 1121/1586/1001 693/1593/996 713/1573/995
f 715/1545/1003 695/1565/1004 1122/1572/1005 843/1552/1006
f 843/1552/1006 1122/1572/1005 694/1579/1000 714/1559/999
f 716/1533/1007 696/1551/1008 1123/1558/1009 844/1539/1010
f 844/1539/1010 1123/1558/1009 695/1565/1004 715/1545/1003
f 699/1521/942 679/1538/941 1124/1544/1011 1128/1527/1012
f 1128/1527/1012 1124/1544/1011 696/1551/1008 716/1533/1007
f 1158/1504/1013 845/1763/1014 698/1506/933 1125/1507/936
f 846/1508/1015 1158/1504/1013 1125/1507/936 697/1511/938
f 697/1511/938 1126/1515/940 1159/1764/1016 846/1508/1015
f 1126/1515/940 699/1521/942 847/1516/1017 1159/1764/1016
f 1160/1505/1018 848/1761/1019 700/1514/943 1127/1510/946
f 845/1763/1014 1160/1505/1018 1127/1510/946 698/1506/933
f 1161/1513/1020 849/1759/1021 701/1524/947 1129/1518/950
f 848/1761/1019 1161/1513/1020 1129/1518/950 700/1514/943
f 1162/1523/1022 850/1757/1023 702/1536/951 1130/1530/954
f 849/1759/1021 1162/1523/1022 1130/1530/954 701/1524/947
f 1163/1535/1024 851/1755/1025 703/1548/955 1131/1542/958
f 850/1757/1023 1163/1535/1024 1131/1542/958 702/1536/951
f 1164/1547/1026 852/1753/1027 704/1562/959 1132/1555/962
f 851/1755/1025 1164/1547/1026 1132/1555/962 703/1548/955
f 1165/1561/1028 853/1751/1029 705/1576/963 1133/1569/966
f 852/1753/1027 1165/1561/1028 1133/1569/966 704/1562/959
f 1166/1575/1030 854/1749/1031 706/1590/967 1134/1583/970
f 853/1751/1029 1166/1575/1030 1134/1583/970 705/1576/963
f 1167/1589/1032 855/1747/1033 707/1604/971 1135/1597/974
f 854/1749/1031 1167/1589/1032 1135/1597/974 706/1590/967
f 1168/1603/1034 856/1745/1035 708/1618/975 1136/1611/978
f 855/1747/1033 1168/1603/1034 1136/1611/978 707/1604/971
f 1169/1617/1036 857/1743/1037 709/1628/979 1137/1624/982
f 856/1745/1035 1169/1617/1036 1137/1624/982 708/1618/975
f 1170/1616/1038 858/1741/1039 710/1615/983 838/1622/986
f 857/1743/1037 1170/1616/1038 838/1622/986 709/1628/979
f 1171/1602/1040 859/1739/1041 711/1601/987 839/1608/990
f 858/1741/1039 1171/1602/1040 839/1608/990 710/1615/983
f 1172/1588/1042 860/1737/1043 712/1587/991 840/1594/994
f 859/1739/1041 1172/1588/1042 840/1594/994 711/1601/987
f 1173/1574/1044 861/1735/1045 713/1573/995 841/1580/998
f 860/1737/1043 1173/1574/1044 841/1580/998 712/1587/991
f 1174/1560/1046 862/1733/1047 714/1559/999 842/1566/1002
f 861/1735/1045 1174/1560/1046 842/1566/1002 713/1573/995
f 1175/1546/1048 863/1731/1049 715/1545/1003 843/1552/1006
f 862/1733/1047 1175/1546/1048 843/1552/1006 714/1559/999
f 1176/1534/1050 864/1729/1051 716/1533/1007 844/1539/1010
f 863/1731/1049 1176/1534/1050 844/1539/1010 715/1545/1003
f 1177/1522/1052 847/1516/1017 699/1521/942 1128/1527/1012
f 864/1729/1051 1177/1522/1052 1128/1527/1012 716/1533/1007
f 865/1725/1053 737/1046/1054 866/1047/1055 1178/1726/1056
f 1178/1726/1056 866/1047/1055 739/1051/1057 867/1052/1058
f 1106/1532/939 1178/1048/1056 867/1721/1058 679/1538/941
f 737/1046/1054 865/1725/1053 1179/1724/1059 869/1050/1060
f 1105/1520/935 1179/1049/1059 865/1045/1053 677/1526/937
f 869/1050/1060 1179/1724/1059 868/1723/1061 738/1054/1062
f 738/1054/1062 868/1723/1061 1180/1722/1063 871/1060/1064
f 1107/1525/945 1180/1059/1063 868/1053/1061 678/1519/934
f 871/1060/1064 1180/1722/1063 870/1719/1065 740/1068/1066
f 867/1052/1058 739/1051/1057 872/1057/1067 1181/1720/1068
f 1181/1720/1068 872/1057/1067 756/1065/1069 873/1066/1070
f 1124/1544/1011 1181/1058/1068 873/1687/1070 696/1551/1008
f 740/1068/1066 870/1719/1065 1182/1718/1071 875/1081/1072
f 1108/1537/949 1182/1550/1071 870/1067/1065 680/1531/944
f 875/1081/1072 1182/1718/1071 874/1717/1073 741/1637/1074
f 741/1637/1074 874/1717/1073 1183/1716/1075 877/1638/1076
f 1109/1549/953 1183/1564/1075 874/1557/1073 681/1543/948
f 877/1638/1076 1183/1716/1075 876/1715/1077 742/1639/1078
f 742/1639/1078 876/1715/1077 1184/1714/1079 879/1640/1080
f 1110/1563/957 1184/1578/1079 876/1571/1077 682/1556/952
f 879/1640/1080 1184/1714/1079 878/1713/1081 743/1641/1082
f 743/1641/1082 878/1713/1081 1185/1712/1083 881/1122/1084
f 1111/1577/961 1185/1592/1083 878/1585/1081 683/1570/956
f 881/1122/1084 1185/1712/1083 880/1711/1085 744/1109/1086
f 744/1109/1086 880/1711/1085 1186/1710/1087 883/1105/1088
f 1112/1591/965 1186/1106/1087 880/1110/1085 684/1584/960
f 883/1105/1088 1186/1710/1087 882/1709/1089 745/1101/1090
f 745/1101/1090 882/1709/1089 1187/1708/1091 885/1104/1092
f 1113/1605/969 1187/1103/1091 882/1102/1089 685/1598/964
f 885/1104/1092 1187/1708/1091 884/1707/1093 746/1108/1094
f 746/1108/1094 884/1707/1093 1188/1706/1095 887/1112/1096
f 1114/1619/973 1188/1111/1095 884/1107/1093 686/1612/968
f 887/1112/1096 1188/1706/1095 886/1705/1097 747/1117/1098
f 747/1117/1098 886/1705/1097 1189/1704/1099 889/1125/1100
f 1115/1629/977 1189/1124/1099 886/1116/1097 687/1625/972
f 889/1125/1100 1189/1704/1099 888/1703/1101 748/1131/1102
f 748/1131/1102 888/1703/1101 1190/1702/1103 891/1135/1104
f 1116/1635/981 1190/1134/1103 888/1130/1101 688/1632/976
f 891/1135/1104 1190/1702/1103 890/1701/1105 749/1139/1106
f 749/1139/1106 890/1701/1105 1191/1700/1107 893/1143/1108
f 1117/1634/985 1191/1142/1107 890/1138/1105 689/1636/980
f 893/1143/1108 1191/1700/1107 892/1699/1109 750/1147/1110
f 750/1147/1110 892/1699/1109 1192/1698/1111 895/1152/1112
f 1118/1627/989 1192/1633/1111 892/1146/1109 690/1631/984
f 895/1152/1112 1192/1698/1111 894/1697/1113 751/1642/1114
f 751/1642/1114 894/1697/1113 1193/1696/1115 897/1643/1116
f 1119/1614/993 1193/1626/1115 894/1630/1113 691/1621/988
f 897/1643/1116 1193/1696/1115 896/1695/1117 752/1768/1118
f 752/1644/1118 896/1770/1117 1194/1694/1119 899/1645/1120
f 1120/1600/997 1194/1613/1119 896/1620/1117 692/1607/992
f 899/1645/1120 1194/1694/1119 898/1693/1121 753/1646/1122
f 753/1646/1122 898/1693/1121 1195/1692/1123 901/1098/1124
f 1121/1586/1001 1195/1599/1123 898/1606/1121 693/1593/996
f 901/1098/1124 1195/1692/1123 900/1691/1125 754/1092/1126
f 754/1092/1126 900/1691/1125 1196/1690/1127 903/1086/1128
f 1122/1572/1005 1196/1087/1127 900/1093/1125 694/1579/1000
f 903/1086/1128 1196/1690/1127 902/1689/1129 755/1079/1130
f 755/1079/1130 902/1689/1129 1197/1688/1131 904/1073/1132
f 1123/1558/1009 1197/1074/1131 902/1080/1129 695/1565/1004
f 904/1073/1132 1197/1688/1131 873/1066/1070 756/1065/1069
f 757/1685/1133 905/1062/1134 1198/1063/1135 908/1686/1136
f 905/1062/1134 758/1165/1137 906/1173/1138 1198/1063/1135
f 1198/1063/1135 906/1173/1138 762/1183/1139 907/1071/1140
f 908/1686/1136 1198/1063/1135 907/1071/1140 761/1681/1141
f 758/1165/1137 905/1062/1134 1199/1070/1142 911/1166/1143
f 905/1062/1134 757/1685/1133 909/1684/1144 1199/1070/1142
f 1199/1070/1142 909/1684/1144 760/1683/1145 910/1076/1146
f 911/1166/1143 1199/1070/1142 910/1076/1146 759/1174/1147
f 759/1174/1147 910/1076/1146 1200/1083/1148 914/1184/1149
f 910/1076/1146 760/1683/1145 912/1682/1150 1200/1083/1148
f 1200/1083/1148 912/1682/1150 764/1679/1151 913/1089/1152
f 914/1184/1149 1200/1083/1148 913/1089/1152 763/1194/1153
f 761/1681/1141 907/1071/1140 1201/1077/1154 917/1680/1155
f 907/1071/1140 762/1183/1139 915/1193/1156 1201/1077/1154
f 1201/1077/1154 915/1193/1156 795/1205/1157 916/1084/1158
f 917/1680/1155 1201/1077/1154 916/1084/1158 796/1648/1159
f 763/1194/1153 913/1089/1152 1202/1220/1160 920/1206/1161
f 913/1089/1152 764/1679/1151 918/1678/1162 1202/1220/1160
f 1202/1220/1160 918/1678/1162 766/1677/1163 919/1237/1164
f 920/1206/1161 1202/1220/1160 919/1237/1164 765/1221/1165
f 765/1221/1165 919/1237/1164 1203/1256/1166 923/1238/1167
f 919/1237/1164 766/1677/1163 921/1676/1168 1203/1256/1166
f 1203/1256/1166 921/1676/1168 768/1675/1169 922/1274/1170
f 923/1238/1167 1203/1256/1166 922/1274/1170 767/1257/1171
f 767/1257/1171 922/1274/1170 1204/1292/1172 926/1275/1173
f 922/1274/1170 768/1675/1169 924/1674/1174 1204/1292/1172
f 1204/1292/1172 924/1674/1174 770/1673/1175 925/1311/1176
f 926/1275/1173 1204/1292/1172 925/1311/1176 769/1293/1177
f 769/1293/1177 925/1311/1176 1205/1330/1178 929/1312/1179
f 925/1311/1176 770/1673/1175 927/1672/1180 1205/1330/1178
f 1205/1330/1178 927/1672/1180 772/1671/1181 928/1128/1182
f 929/1312/1179 1205/1330/1178 928/1128/1182 771/1331/1183
f 771/1331/1183 928/1128/1182 1206/1123/1184 932/1349/1185
f 928/1128/1182 772/1671/1181 930/1670/1186 1206/1123/1184
f 1206/1123/1184 930/1670/1186 774/1669/1187 931/1119/1188
f 932/1349/1185 1206/1123/1184 931/1119/1188 773/1367/1189
f 773/1367/1189 931/1119/1188 1207/1120/1190 935/1385/1191
f 931/1119/1188 774/1669/1187 933/1668/1192 1207/1120/1190
f 1207/1120/1190 933/1668/1192 776/1667/1193 934/1127/1194
f 935/1385/1191 1207/1120/1190 934/1127/1194 775/1403/1195
f 775/1403/1195 934/1127/1194 1208/1133/1196 938/1421/1197
f 934/1127/1194 776/1667/1193 936/1666/1198 1208/1133/1196
f 1208/1133/1196 936/1666/1198 778/1665/1199 937/1137/1200
f 938/1421/1197 1208/1133/1196 937/1137/1200 777/1437/1201
f 777/1437/1201 937/1137/1200 1209/1141/1202 941/1452/1203
f 937/1137/1200 778/1665/1199 939/1664/1204 1209/1141/1202
f 1209/1141/1202 939/1664/1204 780/1663/1205 940/1145/1206
f 941/1452/1203 1209/1141/1202 940/1145/1206 779/1465/1207
f 779/1465/1207 940/1145/1206 1210/1149/1208 944/1464/1209
f 940/1145/1206 780/1663/1205 942/1662/1210 1210/1149/1208
f 1210/1149/1208 942/1662/1210 782/1661/1211 943/1151/1212
f 944/1464/1209 1210/1149/1208 943/1151/1212 781/1451/1213
f 781/1451/1213 943/1151/1212 1211/1154/1214 947/1436/1215
f 943/1151/1212 782/1661/1211 945/1660/1216 1211/1154/1214
f 1211/1154/1214 945/1660/1216 784/1659/1217 946/1156/1218
f 947/1436/1215 1211/1154/1214 946/1156/1218 783/1418/1219
f 783/1418/1219 946/1156/1218 1212/1419/1220 950/1400/1221
f 946/1156/1218 784/1659/1217 948/1658/1222 1212/1419/1220
f 1212/1419/1220 948/1658/1222 786/1657/1223 949/1401/1224
f 950/1400/1221 1212/1419/1220 949/1401/1224 785/1382/1225
f 785/1382/1225 949/1401/1224 1213/1383/1226 953/1364/1227
f 949/1401/1224 786/1657/1223 951/1656/1228 1213/1383/1226
f 1213/1383/1226 951/1656/1228 788/1655/1229 952/1365/1230
f 953/1364/1227 1213/1383/1226 952/1365/1230 787/1346/1231
f 787/1346/1231 952/1365/1230 1214/1347/1232 956/1327/1233
f 952/1365/1230 788/1655/1229 954/1654/1234 1214/1347/1232
f 1214/1347/1232 954/1654/1234 790/1653/1235 955/1328/1236
f 956/1327/1233 1214/1347/1232 955/1328/1236 789/1308/1237
f 789/1308/1237 955/1328/1236 1215/1309/1238 959/1290/1239
f 955/1328/1236 790/1653/1235 957/1652/1240 1215/1309/1238
f 1215/1309/1238 957/1652/1240 792/1651/1241 958/1099/1242
f 959/1290/1239 1215/1309/1238 958/1099/1242 791/1272/1243
f 791/1272/1243 958/1099/1242 1216/1096/1244 962/1254/1245
f 958/1099/1242 792/1651/1241 960/1650/1246 1216/1096/1244
f 1216/1096/1244 960/1650/1246 794/1649/1247 961/1094/1248
f 962/1254/1245 1216/1096/1244 961/1094/1248 793/1236/1249
f 793/1236/1249 961/1094/1248 1217/1090/1250 964/1219/1251
f 961/1094/1248 794/1649/1247 963/1647/1252 1217/1090/1250
f 1217/1090/1250 963/1647/1252 796/1648/1159 916/1084/1158
f 964/1219/1251 1217/1090/1250 916/1084/1158 795/1205/1157
f 1218/1161/775 965/1160/774 758/1165/1137 911/1166/1143
f 966/1167/777 1218/1161/775 911/1166/1143 759/1174/1147
f 1219/1164/781 967/1172/780 762/1183/1139 906/1173/1138
f 965/1160/774 1219/1164/781 906/1173/1138 758/1165/1137
f 1220/1175/783 966/1167/777 759/1174/1147 914/1184/1149
f 968/1185/785 1220/1175/783 914/1184/1149 763/1194/1153
f 1221/1195/787 968/1185/785 763/1194/1153 920/1206/1161
f 969/1207/789 1221/1195/787 920/1206/1161 765/1221/1165
f 1222/1222/791 969/1207/789 765/1221/1165 923/1238/1167
f 970/1239/793 1222/1222/791 923/1238/1167 767/1257/1171
f 1223/1258/795 970/1239/793 767/1257/1171 926/1275/1173
f 971/1276/797 1223/1258/795 926/1275/1173 769/1293/1177
f 1224/1294/799 971/1276/797 769/1293/1177 929/1312/1179
f 972/1313/801 1224/1294/799 929/1312/1179 771/1331/1183
f 1225/1332/803 972/1313/801 771/1331/1183 932/1349/1185
f 973/1350/805 1225/1332/803 932/1349/1185 773/1367/1189
f 1226/1368/807 973/1350/805 773/1367/1189 935/1385/1191
f 974/1386/809 1226/1368/807 935/1385/1191 775/1403/1195
f 1227/1404/811 974/1386/809 775/1403/1195 938/1421/1197
f 975/1422/813 1227/1404/811 938/1421/1197 777/1437/1201
f 1228/1438/815 975/1422/813 777/1437/1201 941/1452/1203
f 976/1453/817 1228/1438/815 941/1452/1203 779/1465/1207
f 1229/1450/819 976/1453/817 779/1465/1207 944/1464/1209
f 977/1435/821 1229/1450/819 944/1464/1209 781/1451/1213
f 1230/1417/823 977/1435/821 781/1451/1213 947/1436/1215
f 978/1399/825 1230/1417/823 947/1436/1215 783/1418/1219
f 1231/1381/827 978/1399/825 783/1418/1219 950/1400/1221
f 979/1363/829 1231/1381/827 950/1400/1221 785/1382/1225
f 1232/1345/831 979/1363/829 785/1382/1225 953/1364/1227
f 980/1326/833 1232/1345/831 953/1364/1227 787/1346/1231
f 1233/1307/835 980/1326/833 787/1346/1231 956/1327/1233
f 981/1289/837 1233/1307/835 956/1327/1233 789/1308/1237
f 1234/1271/839 981/1289/837 789/1308/1237 959/1290/1239
f 982/1253/841 1234/1271/839 959/1290/1239 791/1272/1243
f 1235/1235/843 982/1253/841 791/1272/1243 962/1254/1245
f 983/1218/845 1235/1235/843 962/1254/1245 793/1236/1249
f 1236/1204/847 983/1218/845 793/1236/1249 964/1219/1251
f 984/1192/849 1236/1204/847 964/1219/1251 795/1205/1157
f 1237/1182/851 984/1192/849 795/1205/1157 915/1193/1156
f 967/1172/780 1237/1182/851 915/1193/1156 762/1183/1139
f 678/1519/934 868/1053/1061 1179/1049/1059 1105/1520/935
f 677/1526/937 865/1045/1053 1178/1048/1056 1106/1532/939
f 680/1531/944 870/1067/1065 1180/1059/1063 1107/1525/945
f 681/1543/948 874/1557/1073 1182/1550/1071 1108/1537/949
f 682/1556/952 876/1571/1077 1183/1564/1075 1109/1549/953
f 683/1570/956 878/1585/1081 1184/1578/1079 1110/1563/957
f 684/1584/960 880/1110/1085 1185/1592/1083 1111/1577/961
f 685/1598/964 882/1102/1089 1186/1106/1087 1112/1591/965
f 686/1612/968 884/1107/1093 1187/1103/1091 1113/1605/969
f 687/1625/972 886/1116/1097 1188/1111/1095 1114/1619/973
f 688/1632/976 888/1130/1101 1189/1124/1099 1115/1629/977
f 689/1636/980 890/1138/1105 1190/1134/1103 1116/1635/981
f 690/1631/984 892/1146/1109 1191/1142/1107 1117/1634/985
f 691/1621/988 894/1630/1113 1192/1633/1111 1118/1627/989
f 692/1607/992 896/1769/1117 1193/1626/1115 1119/1614/993
f 693/1593/996 898/1606/1121 1194/1613/1119 1120/1600/997
f 694/1579/1000 900/1093/1125 1195/1599/1123 1121/1586/1001
f 695/1565/1004 902/1080/1129 1196/1087/1127 1122/1572/1005
f 696/1551/1008 873/1687/1070 1197/1074/1131 1123/1558/1009
f 679/1538/941 867/1721/1058 1181/1058/1068 1124/1544/1011
f 737/1046/1054 869/1050/1060 909/1061/1144 757/1055/1133
f 869/1050/1060 738/1054/1062 760/1069/1145 909/1061/1144
f 739/1051/1057 866/1047/1055 908/1056/1136 761/1064/1141
f 866/1047/1055 737/1046/1054 757/1055/1133 908/1056/1136
f 760/1069/1145 738/1054/1062 871/1060/1064 912/1075/1150
f 871/1060/1064 740/1068/1066 764/1082/1151 912/1075/1150
f 764/1082/1151 740/1068/1066 875/1081/1072 918/1088/1162
f 875/1081/1072 741/1637/1074 766/1255/1163 918/1088/1162
f 766/1255/1163 741/1637/1074 877/1638/1076 921/1273/1168
f 877/1638/1076 742/1639/1078 768/1291/1169 921/1273/1168
f 768/1291/1169 742/1639/1078 879/1640/1080 924/1310/1174
f 879/1640/1080 743/1641/1082 770/1329/1175 924/1310/1174
f 770/1329/1175 743/1641/1082 881/1122/1084 927/1129/1180
f 881/1122/1084 744/1109/1086 772/1121/1181 927/1129/1180
f 772/1121/1181 744/1109/1086 883/1105/1088 930/1115/1186
f 883/1105/1088 745/1101/1090 774/1114/1187 930/1115/1186
f 774/1114/1187 745/1101/1090 885/1104/1092 933/1113/1192
f 885/1104/1092 746/1108/1094 776/1118/1193 933/1113/1192
f 776/1118/1193 746/1108/1094 887/1112/1096 936/1126/1198
f 887/1112/1096 747/1117/1098 778/1132/1199 936/1126/1198
f 778/1132/1199 747/1117/1098 889/1125/1100 939/1136/1204
f 889/1125/1100 748/1131/1102 780/1140/1205 939/1136/1204
f 780/1140/1205 748/1131/1102 891/1135/1104 942/1144/1210
f 891/1135/1104 749/1139/1106 782/1148/1211 942/1144/1210
f 782/1148/1211 749/1139/1106 893/1143/1108 945/1150/1216
f 893/1143/1108 750/1147/1110 784/1153/1217 945/1150/1216
f 784/1153/1217 750/1147/1110 895/1152/1112 948/1155/1222
f 895/1152/1112 751/1642/1114 786/1420/1223 948/1155/1222
f 786/1420/1223 751/1642/1114 897/1643/1116 951/1402/1228
f 897/1643/1116 752/1768/1118 788/1384/1229 951/1402/1228
f 788/1767/1229 752/1644/1118 899/1645/1120 954/1366/1234
f 899/1645/1120 753/1646/1122 790/1348/1235 954/1366/1234
f 790/1348/1235 753/1646/1122 901/1098/1124 957/1100/1240
f 901/1098/1124 754/1092/1126 792/1097/1241 957/1100/1240
f 792/1097/1241 754/1092/1126 903/1086/1128 960/1095/1246
f 903/1086/1128 755/1079/1130 794/1091/1247 960/1095/1246
f 794/1091/1247 755/1079/1130 904/1073/1132 963/1085/1252
f 904/1073/1132 756/1065/1069 796/1078/1159 963/1085/1252
f 796/1078/1159 756/1065/1069 872/1057/1067 917/1072/1155
f 872/1057/1067 739/1051/1057 761/1064/1141 917/1072/1155
s 42
f 985/1226/1253 797/1211/1254 1026/1188/1255 1240/1198/1256
f 985/1226/1253 1240/1198/1256 1028/1210/1257 799/1243/1258
f 986/1201/1259 1238/1180/1260 1026/1188/1255 797/1211/1254
f 986/1201/1259 798/1202/1261 1025/1179/1262 1238/1180/1260
f 987/1212/1263 1239/1189/1264 1025/1179/1262 798/1202/1261
f 987/1212/1263 816/1229/1265 1027/1199/1266 1239/1189/1264
f 988/1262/1267 799/1243/1258 1028/1210/1257 1241/1225/1268
f 988/1262/1267 1241/1225/1268 1029/1242/1269 800/1280/1270
f 989/1298/1271 800/1280/1270 1029/1242/1269 1242/1261/1272
f 989/1298/1271 1242/1261/1272 1030/1279/1273 801/1317/1274
f 990/1336/1275 801/1317/1274 1030/1279/1273 1243/1297/1276
f 990/1336/1275 1243/1297/1276 1031/1316/1277 802/1354/1278
f 991/1372/1279 802/1354/1278 1031/1316/1277 1244/1335/1280
f 991/1372/1279 1244/1335/1280 1032/1353/1281 803/1390/1282
f 992/1408/1283 803/1390/1282 1032/1353/1281 1245/1371/1284
f 992/1408/1283 1245/1371/1284 1033/1389/1285 804/1426/1286
f 993/1442/1287 804/1426/1286 1033/1389/1285 1246/1407/1288
f 993/1442/1287 1246/1407/1288 1034/1425/1289 805/1456/1290
f 994/1468/1291 805/1456/1290 1034/1425/1289 1247/1441/1292
f 994/1468/1291 1247/1441/1292 1035/1455/1293 806/1477/1294
f 995/1484/1295 806/1477/1294 1035/1455/1293 1248/1467/1296
f 995/1484/1295 1248/1467/1296 1036/1476/1297 807/1490/1298
f 996/1495/1299 807/1490/1298 1036/1476/1297 1249/1483/1300
f 996/1495/1299 1249/1483/1300 1037/1474/1301 808/1489/1302
f 997/1482/1303 808/1489/1302 1037/1474/1301 1250/1462/1304
f 997/1482/1303 1250/1462/1304 1038/1448/1305 809/1473/1306
f 998/1461/1307 809/1473/1306 1038/1448/1305 1251/1432/1308
f 998/1461/1307 1251/1432/1308 1039/1414/1309 810/1447/1310
f 999/1431/1311 810/1447/1310 1039/1414/1309 1252/1396/1312
f 999/1431/1311 1252/1396/1312 1040/1378/1313 811/1413/1314
f 1000/1395/1315 811/1413/1314 1040/1378/1313 1253/1360/1316
f 1000/1395/1315 1253/1360/1316 1041/1342/1317 812/1377/1318
f 1001/1359/1319 812/1377/1318 1041/1342/1317 1254/1323/1320
f 1001/1359/1319 1254/1323/1320 1042/1304/1321 813/1341/1322
f 1002/1322/1323 813/1341/1322 1042/1304/1321 1255/1286/1324
f 1002/1322/1323 1255/1286/1324 1043/1268/1325 814/1303/1326
f 1003/1285/1327 814/1303/1326 1043/1268/1325 1256/1249/1328
f 1003/1285/1327 1256/1249/1328 1044/1230/1329 815/1267/1330
f 1004/1248/1331 815/1267/1330 1044/1230/1329 1257/1213/1332
f 1004/1248/1331 1257/1213/1332 1027/1199/1266 816/1229/1265
f 817/1245/1333 818/1251/1334 1005/1232/1335
f 819/1233/1336 1005/1232/1335 818/1251/1334
f 820/1282/1337 818/1251/1334 1006/1264/1338
f 817/1245/1333 1006/1264/1338 818/1251/1334
f 821/1319/1339 818/1251/1334 1007/1300/1340
f 820/1282/1337 1007/1300/1340 818/1251/1334
f 822/1356/1341 818/1251/1334 1008/1338/1342
f 821/1319/1339 1008/1338/1342 818/1251/1334
f 823/1392/1343 818/1251/1334 1009/1374/1344
f 822/1356/1341 1009/1374/1344 818/1251/1334
f 824/1428/1345 818/1251/1334 1010/1410/1346
f 823/1392/1343 1010/1410/1346 818/1251/1334
f 825/1458/1347 818/1251/1334 1011/1444/1348
f 824/1428/1345 1011/1444/1348 818/1251/1334
f 826/1479/1349 818/1251/1334 1012/1470/1350
f 825/1458/1347 1012/1470/1350 818/1251/1334
f 827/1492/1351 818/1251/1334 1013/1486/1352
f 826/1479/1349 1013/1486/1352 818/1251/1334
f 828/1500/1353 818/1251/1334 1014/1497/1354
f 827/1492/1351 1014/1497/1354 818/1251/1334
f 829/1498/1355 818/1251/1334 1015/1501/1356
f 828/1500/1353 1015/1501/1356 818/1251/1334
f 830/1487/1357 818/1251/1334 1016/1493/1358
f 829/1498/1355 1016/1493/1358 818/1251/1334
f 831/1471/1359 818/1251/1334 1017/1480/1360
f 830/1487/1357 1017/1480/1360 818/1251/1334
f 832/1445/1361 818/1251/1334 1018/1459/1362
f 831/1471/1359 1018/1459/1362 818/1251/1334
f 833/1411/1363 818/1251/1334 1019/1429/1364
f 832/1445/1361 1019/1429/1364 818/1251/1334
f 834/1375/1365 818/1251/1334 1020/1393/1366
f 833/1411/1363 1020/1393/1366 818/1251/1334
f 835/1339/1367 818/1251/1334 1021/1357/1368
f 834/1375/1365 1021/1357/1368 818/1251/1334
f 836/1301/1369 818/1251/1334 1022/1320/1370
f 835/1339/1367 1022/1320/1370 818/1251/1334
f 837/1265/1371 818/1251/1334 1023/1283/1372
f 836/1301/1369 1023/1283/1372 818/1251/1334
f 819/1233/1336 818/1251/1334 1024/1246/1373
f 837/1265/1371 1024/1246/1373 818/1251/1334
s 1
f 1025/1179/1374 717/1169/853 1085/1170/852 1238/1180/1375
f 1238/1180/1375 1085/1170/852 718/1177/854 1026/1188/1376
f 717/1169/853 1025/1179/1374 1239/1189/1377 1086/1178/855
f 1086/1178/855 1239/1189/1377 1027/1199/1378 719/1190/856
f 1026/1188/1376 718/1177/854 1087/1187/857 1240/1198/1379
f 1240/1198/1379 1087/1187/857 720/1197/858 1028/1210/1380
f 1028/1210/1380 720/1197/858 1089/1209/861 1241/1225/1381
f 1241/1225/1381 1089/1209/861 722/1224/862 1029/1242/1382
f 1029/1242/1382 722/1224/862 1090/1241/863 1242/1261/1383
f 1242/1261/1383 1090/1241/863 723/1260/864 1030/1279/1384
f 1030/1279/1384 723/1260/864 1091/1278/865 1243/1297/1385
f 1243/1297/1385 1091/1278/865 724/1296/866 1031/1316/1386
f 1031/1316/1386 724/1296/866 1092/1315/867 1244/1335/1387
f 1244/1335/1387 1092/1315/867 725/1334/868 1032/1353/1388
f 1032/1353/1388 725/1334/868 1093/1352/869 1245/1371/1389
f 1245/1371/1389 1093/1352/869 726/1370/870 1033/1389/1390
f 1033/1389/1390 726/1370/870 1094/1388/871 1246/1407/1391
f 1246/1407/1391 1094/1388/871 727/1406/872 1034/1425/1392
f 1034/1425/1392 727/1406/872 1095/1424/873 1247/1441/1393
f 1247/1441/1393 1095/1424/873 728/1440/874 1035/1455/1394
f 1035/1455/1394 728/1440/874 1096/1454/875 1248/1467/1395
f 1248/1467/1395 1096/1454/875 729/1466/876 1036/1476/1396
f 1036/1476/1396 729/1466/876 1097/1475/877 1249/1483/1397
f 1249/1483/1397 1097/1475/877 730/1463/878 1037/1474/1398
f 1037/1474/1398 730/1463/878 1098/1449/879 1250/1462/1399
f 1250/1462/1399 1098/1449/879 731/1433/880 1038/1448/1400
f 1038/1448/1400 731/1433/880 1099/1415/881 1251/1432/1401
f 1251/1432/1401 1099/1415/881 732/1397/882 1039/1414/1402
f 1039/1414/1402 732/1397/882 1100/1379/883 1252/1396/1403
f 1252/1396/1403 1100/1379/883 733/1361/884 1040/1378/1404
f 1040/1378/1404 733/1361/884 1101/1343/885 1253/1360/1405
f 1253/1360/1405 1101/1343/885 734/1324/886 1041/1342/1406
f 1041/1342/1406 734/1324/886 1102/1305/887 1254/1323/1407
f 1254/1323/1407 1102/1305/887 735/1287/888 1042/1304/1408
f 1042/1304/1408 735/1287/888 1103/1269/889 1255/1286/1409
f 1255/1286/1409 1103/1269/889 736/1250/890 1043/1268/1410
f 1043/1268/1410 736/1250/890 1104/1231/891 1256/1249/1411
f 1256/1249/1411 1104/1231/891 721/1214/860 1044/1230/1412
f 1044/1230/1412 721/1214/860 1088/1200/859 1257/1213/1413
f 1257/1213/1413 1088/1200/859 719/1190/856 1027/1199/1378
s 42
f 798/1202/1261 986/1201/1259 1258/1215/1414 1046/1216/1415
f 986/1201/1259 797/1211/1254 1045/1227/1416 1258/1215/1414
f 1258/1215/1414 1045/1227/1416 817/1245/1333 1005/1232/1335
f 1046/1216/1415 1258/1215/1414 1005/1232/1335 819/1233/1336
f 797/1211/1254 985/1226/1253 1259/1244/1417 1045/1227/1416
f 985/1226/1253 799/1243/1258 1047/1263/1418 1259/1244/1417
f 1259/1244/1417 1047/1263/1418 820/1282/1337 1006/1264/1338
f 1045/1227/1416 1259/1244/1417 1006/1264/1338 817/1245/1333
f 799/1243/1258 988/1262/1267 1260/1281/1419 1047/1263/1418
f 988/1262/1267 800/1280/1270 1048/1299/1420 1260/1281/1419
f 1260/1281/1419 1048/1299/1420 821/1319/1339 1007/1300/1340
f 1047/1263/1418 1260/1281/1419 1007/1300/1340 820/1282/1337
f 800/1280/1270 989/1298/1271 1261/1318/1421 1048/1299/1420
f 989/1298/1271 801/1317/1274 1049/1337/1422 1261/1318/1421
f 1261/1318/1421 1049/1337/1422 822/1356/1341 1008/1338/1342
f 1048/1299/1420 1261/1318/1421 1008/1338/1342 821/1319/1339
f 801/1317/1274 990/1336/1275 1262/1355/1423 1049/1337/1422
f 990/1336/1275 802/1354/1278 1050/1373/1424 1262/1355/1423
f 1262/1355/1423 1050/1373/1424 823/1392/1343 1009/1374/1344
f 1049/1337/1422 1262/1355/1423 1009/1374/1344 822/1356/1341
f 802/1354/1278 991/1372/1279 1263/1391/1425 1050/1373/1424
f 991/1372/1279 803/1390/1282 1051/1409/1426 1263/1391/1425
f 1263/1391/1425 1051/1409/1426 824/1428/1345 1010/1410/1346
f 1050/1373/1424 1263/1391/1425 1010/1410/1346 823/1392/1343
f 803/1390/1282 992/1408/1283 1264/1427/1427 1051/1409/1426
f 992/1408/1283 804/1426/1286 1052/1443/1428 1264/1427/1427
f 1264/1427/1427 1052/1443/1428 825/1458/1347 1011/1444/1348
f 1051/1409/1426 1264/1427/1427 1011/1444/1348 824/1428/1345
f 804/1426/1286 993/1442/1287 1265/1457/1429 1052/1443/1428
f 993/1442/1287 805/1456/1290 1053/1469/1430 1265/1457/1429
f 1265/1457/1429 1053/1469/1430 826/1479/1349 1012/1470/1350
f 1052/1443/1428 1265/1457/1429 1012/1470/1350 825/1458/1347
f 805/1456/1290 994/1468/1291 1266/1478/1431 1053/1469/1430
f 994/1468/1291 806/1477/1294 1054/1485/1432 1266/1478/1431
f 1266/1478/1431 1054/1485/1432 827/1492/1351 1013/1486/1352
f 1053/1469/1430 1266/1478/1431 1013/1486/1352 826/1479/1349
f 806/1477/1294 995/1484/1295 1267/1491/1433 1054/1485/1432
f 995/1484/1295 807/1490/1298 1055/1496/1434 1267/1491/1433
f 1267/1491/1433 1055/1496/1434 828/1500/1353 1014/1497/1354
f 1054/1485/1432 1267/1491/1433 1014/1497/1354 827/1492/1351
f 807/1490/1298 996/1495/1299 1268/1499/1435 1055/1496/1434
f 996/1495/1299 808/1489/1302 1056/1494/1436 1268/1499/1435
f 1268/1499/1435 1056/1494/1436 829/1498/1355 1015/1501/1356
f 1055/1496/1434 1268/1499/1435 1015/1501/1356 828/1500/1353
f 808/1489/1302 997/1482/1303 1269/1488/1437 1056/1494/1436
f 997/1482/1303 809/1473/1306 1057/1481/1438 1269/1488/1437
f 1269/1488/1437 1057/1481/1438 830/1487/1357 1016/1493/1358
f 1056/1494/1436 1269/1488/1437 1016/1493/1358 829/1498/1355
f 809/1473/1306 998/1461/1307 1270/1472/1439 1057/1481/1438
f 998/1461/1307 810/1447/1310 1058/1460/1440 1270/1472/1439
f 1270/1472/1439 1058/1460/1440 831/1471/1359 1017/1480/1360
f 1057/1481/1438 1270/1472/1439 1017/1480/1360 830/1487/1357
f 810/1447/1310 999/1431/1311 1271/1446/1441 1058/1460/1440
f 999/1431/1311 811/1413/1314 1059/1430/1442 1271/1446/1441
f 1271/1446/1441 1059/1430/1442 832/1445/1361 1018/1459/1362
f 1058/1460/1440 1271/1446/1441 1018/1459/1362 831/1471/1359
f 811/1413/1314 1000/1395/1315 1272/1412/1443 1059/1430/1442
f 1000/1395/1315 812/1377/1318 1060/1394/1444 1272/1412/1443
f 1272/1412/1443 1060/1394/1444 833/1411/1363 1019/1429/1364
f 1059/1430/1442 1272/1412/1443 1019/1429/1364 832/1445/1361
f 812/1377/1318 1001/1359/1319 1273/1376/1445 1060/1394/1444
f 1001/1359/1319 813/1341/1322 1061/1358/1446 1273/1376/1445
f 1273/1376/1445 1061/1358/1446 834/1375/1365 1020/1393/1366
f 1060/1394/1444 1273/1376/1445 1020/1393/1366 833/1411/1363
f 813/1341/1322 1002/1322/1323 1274/1340/1447 1061/1358/1446
f 1002/1322/1323 814/1303/1326 1062/1321/1448 1274/1340/1447
f 1274/1340/1447 1062/1321/1448 835/1339/1367 1021/1357/1368
f 1061/1358/1446 1274/1340/1447 1021/1357/1368 834/1375/1365
f 814/1303/1326 1003/1285/1327 1275/1302/1449 1062/1321/1448
f 1003/1285/1327 815/1267/1330 1063/1284/1450 1275/1302/1449
f 1275/1302/1449 1063/1284/1450 836/1301/1369 1022/1320/1370
f 1062/1321/1448 1275/1302/1449 1022/1320/1370 835/1339/1367
f 815/1267/1330 1004/1248/1331 1276/1266/1451 1063/1284/1450
f 1004/1248/1331 816/1229/1265 1064/1247/1452 1276/1266/1451
f 1276/1266/1451 1064/1247/1452 837/1265/1371 1023/1283/1372
f 1063/1284/1450 1276/1266/1451 1023/1283/1372 836/1301/1369
f 816/1229/1265 987/1212/1263 1277/1228/1453 1064/1247/1452
f 987/1212/1263 798/1202/1261 1046/1216/1415 1277/1228/1453
f 1277/1228/1453 1046/1216/1415 819/1233/1336 1024/1246/1373
f 1064/1247/1452 1277/1228/1453 1024/1246/1373 837/1265/1371
